,Unnamed: 0,title,artist,id,danceability,energy,key,loudness,mode,speechiness,acousticness,instrumentalness,liveness,valence,tempo,type,id,uri,track_href,analysis_url,duration_ms,time_signature
0,0,As It Was,Harry Styles,4LRPiXqCikLlN15c3yImP7,0.52,0.731,6,-5.338,0,0.0557,0.342,0.00101,0.311,0.662,173.93,audio_features,4LRPiXqCikLlN15c3yImP7,spotify:track:4LRPiXqCikLlN15c3yImP7,https://api.spotify.com/v1/tracks/4LRPiXqCikLlN15c3yImP7,https://api.spotify.com/v1/audio-analysis/4LRPiXqCikLlN15c3yImP7,167303,4
1,1,First Class,Jack Harlow,1rDQ4oMwGJI7B4tovsBOxc,0.905,0.563,8,-6.135,1,0.102,0.0254,9.71e-06,0.113,0.324,106.998,audio_features,1rDQ4oMwGJI7B4tovsBOxc,spotify:track:1rDQ4oMwGJI7B4tovsBOxc,https://api.spotify.com/v1/tracks/1rDQ4oMwGJI7B4tovsBOxc,https://api.spotify.com/v1/audio-analysis/1rDQ4oMwGJI7B4tovsBOxc,173948,4
2,2,Wait For U,Future Featuring Drake & Tems,59nOXPmaKlBfGMDeOVGrIK,0.463,0.642,1,-4.474,1,0.34,0.314,0.0,0.0686,0.339,83.389,audio_features,59nOXPmaKlBfGMDeOVGrIK,spotify:track:59nOXPmaKlBfGMDeOVGrIK,https://api.spotify.com/v1/tracks/59nOXPmaKlBfGMDeOVGrIK,https://api.spotify.com/v1/audio-analysis/59nOXPmaKlBfGMDeOVGrIK,189893,4
3,3,Late Night Talking,Harry Styles,1qEmFfgcLObUfQm0j1W2CK,0.714,0.728,10,-4.595,1,0.0468,0.298,0.0,0.106,0.901,114.996,audio_features,1qEmFfgcLObUfQm0j1W2CK,spotify:track:1qEmFfgcLObUfQm0j1W2CK,https://api.spotify.com/v1/tracks/1qEmFfgcLObUfQm0j1W2CK,https://api.spotify.com/v1/audio-analysis/1qEmFfgcLObUfQm0j1W2CK,177955,4
4,4,About Damn Time,Lizzo,1PckUlxKqWQs3RlWXVBLw3,0.836,0.743,10,-6.305,0,0.0656,0.0995,0.0,0.335,0.722,108.966,audio_features,1PckUlxKqWQs3RlWXVBLw3,spotify:track:1PckUlxKqWQs3RlWXVBLw3,https://api.spotify.com/v1/tracks/1PckUlxKqWQs3RlWXVBLw3,https://api.spotify.com/v1/audio-analysis/1PckUlxKqWQs3RlWXVBLw3,191822,4
5,5,Heat Waves,Glass Animals,3USxtqRwSYz57Ewm6wWRMp,0.761,0.525,11,-6.9,1,0.0944,0.44,6.7e-06,0.0921,0.531,80.87,audio_features,3USxtqRwSYz57Ewm6wWRMp,spotify:track:3USxtqRwSYz57Ewm6wWRMp,https://api.spotify.com/v1/tracks/3USxtqRwSYz57Ewm6wWRMp,https://api.spotify.com/v1/audio-analysis/3USxtqRwSYz57Ewm6wWRMp,238805,4
6,6,Big Energy,Latto,6Zu3aw7FfjAF9WA0fA81Oq,0.935,0.807,11,-3.838,0,0.114,0.0514,0.0,0.349,0.813,106.017,audio_features,6Zu3aw7FfjAF9WA0fA81Oq,spotify:track:6Zu3aw7FfjAF9WA0fA81Oq,https://api.spotify.com/v1/tracks/6Zu3aw7FfjAF9WA0fA81Oq,https://api.spotify.com/v1/audio-analysis/6Zu3aw7FfjAF9WA0fA81Oq,173182,4
7,7,Music For A Sushi Restaurant,Harry Styles,5LYMamLv12UPbemOaTPyeV,0.72,0.715,11,-4.652,1,0.04,0.258,0.0568,0.107,0.357,107.041,audio_features,5LYMamLv12UPbemOaTPyeV,spotify:track:5LYMamLv12UPbemOaTPyeV,https://api.spotify.com/v1/tracks/5LYMamLv12UPbemOaTPyeV,https://api.spotify.com/v1/audio-analysis/5LYMamLv12UPbemOaTPyeV,193813,4
8,8,Matilda,Harry Styles,6uvh0In7u1Xn4HgxOfAn8O,0.507,0.294,2,-10.0,1,0.04,0.896,1.97e-05,0.0966,0.386,114.199,audio_features,6uvh0In7u1Xn4HgxOfAn8O,spotify:track:6uvh0In7u1Xn4HgxOfAn8O,https://api.spotify.com/v1/tracks/6uvh0In7u1Xn4HgxOfAn8O,https://api.spotify.com/v1/audio-analysis/6uvh0In7u1Xn4HgxOfAn8O,245964,4
9,9,Me Porto Bonito,Bad Bunny & Chencho Corleone,6Sq7ltF9Qa7SNFBsV5Cogx,0.911,0.712,1,-5.105,0,0.0817,0.0901,2.68e-05,0.0933,0.425,92.005,audio_features,6Sq7ltF9Qa7SNFBsV5Cogx,spotify:track:6Sq7ltF9Qa7SNFBsV5Cogx,https://api.spotify.com/v1/tracks/6Sq7ltF9Qa7SNFBsV5Cogx,https://api.spotify.com/v1/audio-analysis/6Sq7ltF9Qa7SNFBsV5Cogx,178567,4
10,10,Enemy,Imagine Dragons X JID,1r9xUipOqoNwggBpENDsvJ,0.728,0.783,11,-4.424,0,0.266,0.237,0.0,0.434,0.555,77.011,audio_features,1r9xUipOqoNwggBpENDsvJ,spotify:track:1r9xUipOqoNwggBpENDsvJ,https://api.spotify.com/v1/tracks/1r9xUipOqoNwggBpENDsvJ,https://api.spotify.com/v1/audio-analysis/1r9xUipOqoNwggBpENDsvJ,173381,4
11,11,Stay,The Kid LAROI & Justin Bieber,5HCyWlXZPP0y6Gqq8TgA20,0.591,0.764,1,-5.484,1,0.0483,0.0383,0.0,0.103,0.478,169.928,audio_features,5HCyWlXZPP0y6Gqq8TgA20,spotify:track:5HCyWlXZPP0y6Gqq8TgA20,https://api.spotify.com/v1/tracks/5HCyWlXZPP0y6Gqq8TgA20,https://api.spotify.com/v1/audio-analysis/5HCyWlXZPP0y6Gqq8TgA20,141806,4
12,12,Daylight,Harry Styles,51Zw1cKDgkad0CXv23HCMU,0.686,0.445,0,-7.189,1,0.0398,0.484,0.00144,0.175,0.626,145.5,audio_features,51Zw1cKDgkad0CXv23HCMU,spotify:track:51Zw1cKDgkad0CXv23HCMU,https://api.spotify.com/v1/tracks/51Zw1cKDgkad0CXv23HCMU,https://api.spotify.com/v1/audio-analysis/51Zw1cKDgkad0CXv23HCMU,164533,3
13,13,Little Freak,Harry Styles,3i058E8uxTsYqJ5NWZzqSj,0.559,0.535,3,-7.723,1,0.039,0.719,0.000143,0.0954,0.402,141.96,audio_features,3i058E8uxTsYqJ5NWZzqSj,spotify:track:3i058E8uxTsYqJ5NWZzqSj,https://api.spotify.com/v1/tracks/3i058E8uxTsYqJ5NWZzqSj,https://api.spotify.com/v1/audio-analysis/3i058E8uxTsYqJ5NWZzqSj,202183,4
14,14,Grapejuice,Harry Styles,4j6kId9QIqhoXvqHKgSKa0,0.645,0.721,5,-4.394,1,0.0336,0.357,0.143,0.204,0.88,182.928,audio_features,4j6kId9QIqhoXvqHKgSKa0,spotify:track:4j6kId9QIqhoXvqHKgSKa0,https://api.spotify.com/v1/tracks/4j6kId9QIqhoXvqHKgSKa0,https://api.spotify.com/v1/audio-analysis/4j6kId9QIqhoXvqHKgSKa0,191959,4
15,15,Titi Me Pregunto,Bad Bunny,1IHWl5LamUGEuP4ozKQSXZ,0.65,0.715,5,-5.198,0,0.253,0.0993,0.000291,0.126,0.187,106.672,audio_features,1IHWl5LamUGEuP4ozKQSXZ,spotify:track:1IHWl5LamUGEuP4ozKQSXZ,https://api.spotify.com/v1/tracks/1IHWl5LamUGEuP4ozKQSXZ,https://api.spotify.com/v1/audio-analysis/1IHWl5LamUGEuP4ozKQSXZ,243717,4
16,16,Moscow Mule,Bad Bunny,6Xom58OOXk2SoU711L2IXO,0.804,0.674,5,-5.453,0,0.0333,0.294,1.18e-06,0.115,0.292,99.968,audio_features,6Xom58OOXk2SoU711L2IXO,spotify:track:6Xom58OOXk2SoU711L2IXO,https://api.spotify.com/v1/tracks/6Xom58OOXk2SoU711L2IXO,https://api.spotify.com/v1/audio-analysis/6Xom58OOXk2SoU711L2IXO,245940,4
17,17,Ghost,Justin Bieber,6I3mqTwhRpn34SLVafSH7G,0.601,0.741,2,-5.569,1,0.0478,0.185,2.91e-05,0.415,0.441,153.96,audio_features,6I3mqTwhRpn34SLVafSH7G,spotify:track:6I3mqTwhRpn34SLVafSH7G,https://api.spotify.com/v1/tracks/6I3mqTwhRpn34SLVafSH7G,https://api.spotify.com/v1/audio-analysis/6I3mqTwhRpn34SLVafSH7G,153190,4
18,18,Woman,Doja Cat,6Uj1ctrBOjOas8xZXGqKk4,0.824,0.764,5,-4.175,0,0.0854,0.0888,0.00294,0.117,0.881,107.998,audio_features,6Uj1ctrBOjOas8xZXGqKk4,spotify:track:6Uj1ctrBOjOas8xZXGqKk4,https://api.spotify.com/v1/tracks/6Uj1ctrBOjOas8xZXGqKk4,https://api.spotify.com/v1/audio-analysis/6Uj1ctrBOjOas8xZXGqKk4,172627,4
19,19,N95,Kendrick Lamar,0fX4oNGBWO3dSGUZcVdVV2,0.79,0.67,1,-5.527,1,0.105,0.377,2.32e-06,0.119,0.408,139.956,audio_features,0fX4oNGBWO3dSGUZcVdVV2,spotify:track:0fX4oNGBWO3dSGUZcVdVV2,https://api.spotify.com/v1/tracks/0fX4oNGBWO3dSGUZcVdVV2,https://api.spotify.com/v1/audio-analysis/0fX4oNGBWO3dSGUZcVdVV2,195950,4
20,20,Satellite,Harry Styles,0rzaRSujxA0bKyjJl6vHYq,0.576,0.457,0,-6.473,1,0.0304,0.143,3.05e-05,0.0917,0.301,138.984,audio_features,0rzaRSujxA0bKyjJl6vHYq,spotify:track:0rzaRSujxA0bKyjJl6vHYq,https://api.spotify.com/v1/tracks/0rzaRSujxA0bKyjJl6vHYq,https://api.spotify.com/v1/audio-analysis/0rzaRSujxA0bKyjJl6vHYq,218577,4
21,21,Cinema,Harry Styles,35TyJIMR3xRouUuo2sjS6v,0.829,0.644,9,-7.696,0,0.0427,0.354,0.0511,0.0944,0.896,105.993,audio_features,35TyJIMR3xRouUuo2sjS6v,spotify:track:35TyJIMR3xRouUuo2sjS6v,https://api.spotify.com/v1/tracks/35TyJIMR3xRouUuo2sjS6v,https://api.spotify.com/v1/audio-analysis/35TyJIMR3xRouUuo2sjS6v,243508,4
22,22,Wasted On You,Morgan Wallen,3cBsEDNhFI9E82vPj3kvi3,0.505,0.657,11,-5.24,0,0.0318,0.373,0.00107,0.126,0.252,196.0,audio_features,3cBsEDNhFI9E82vPj3kvi3,spotify:track:3cBsEDNhFI9E82vPj3kvi3,https://api.spotify.com/v1/tracks/3cBsEDNhFI9E82vPj3kvi3,https://api.spotify.com/v1/audio-analysis/3cBsEDNhFI9E82vPj3kvi3,178520,3
23,23,Daydreaming,Harry Styles,69w5X6uTrOaWM32IetSzvO,0.707,0.811,4,-5.298,0,0.0304,0.311,0.0152,0.131,0.899,113.971,audio_features,69w5X6uTrOaWM32IetSzvO,spotify:track:69w5X6uTrOaWM32IetSzvO,https://api.spotify.com/v1/tracks/69w5X6uTrOaWM32IetSzvO,https://api.spotify.com/v1/audio-analysis/69w5X6uTrOaWM32IetSzvO,187342,4
24,24,Keep Driving,Harry Styles,2NcQic8JxdjAlAHuNbOIRE,0.721,0.479,9,-9.669,1,0.226,0.321,0.00156,0.182,0.902,164.948,audio_features,2NcQic8JxdjAlAHuNbOIRE,spotify:track:2NcQic8JxdjAlAHuNbOIRE,https://api.spotify.com/v1/tracks/2NcQic8JxdjAlAHuNbOIRE,https://api.spotify.com/v1/audio-analysis/2NcQic8JxdjAlAHuNbOIRE,140242,3
25,25,You Proof,Morgan Wallen,5uU1uuyaUIBOiiUSQG7Wl3,0.731,0.85,9,-4.913,1,0.0336,0.252,0.0,0.605,0.644,119.706,audio_features,5uU1uuyaUIBOiiUSQG7Wl3,spotify:track:5uU1uuyaUIBOiiUSQG7Wl3,https://api.spotify.com/v1/tracks/5uU1uuyaUIBOiiUSQG7Wl3,https://api.spotify.com/v1/audio-analysis/5uU1uuyaUIBOiiUSQG7Wl3,157478,4
26,26,Bad Habits,Ed Sheeran,3rmo8F54jFF8OgYsqTxm5d,0.807,0.893,11,-3.745,0,0.0347,0.0451,2.79e-05,0.366,0.537,126.011,audio_features,3rmo8F54jFF8OgYsqTxm5d,spotify:track:3rmo8F54jFF8OgYsqTxm5d,https://api.spotify.com/v1/tracks/3rmo8F54jFF8OgYsqTxm5d,https://api.spotify.com/v1/audio-analysis/3rmo8F54jFF8OgYsqTxm5d,230747,4
27,28,Love Of My Life,Harry Styles,1mw0RgNXIpYRyyCdBQbLgA,0.555,0.536,7,-8.233,1,0.0452,0.669,0.0,0.0623,0.203,118.057,audio_features,1mw0RgNXIpYRyyCdBQbLgA,spotify:track:1mw0RgNXIpYRyyCdBQbLgA,https://api.spotify.com/v1/tracks/1mw0RgNXIpYRyyCdBQbLgA,https://api.spotify.com/v1/audio-analysis/1mw0RgNXIpYRyyCdBQbLgA,191638,4
28,29,Boyfriends,Harry Styles,6qj02zSeEJGWZ4c0dn5QzJ,0.417,0.202,0,-10.976,1,0.0357,0.935,0.0,0.108,0.323,118.029,audio_features,6qj02zSeEJGWZ4c0dn5QzJ,spotify:track:6qj02zSeEJGWZ4c0dn5QzJ,https://api.spotify.com/v1/tracks/6qj02zSeEJGWZ4c0dn5QzJ,https://api.spotify.com/v1/audio-analysis/6qj02zSeEJGWZ4c0dn5QzJ,194544,4
29,30,Party,Bad Bunny & Rauw Alejandro,4tYFy8ALRjIZvnvSLw5lxN,0.829,0.799,9,-5.389,1,0.0897,0.0151,0.000543,0.242,0.471,97.013,audio_features,4tYFy8ALRjIZvnvSLw5lxN,spotify:track:4tYFy8ALRjIZvnvSLw5lxN,https://api.spotify.com/v1/tracks/4tYFy8ALRjIZvnvSLw5lxN,https://api.spotify.com/v1/audio-analysis/4tYFy8ALRjIZvnvSLw5lxN,227629,4
30,31,Despues de La Playa,Bad Bunny,1dm6z1fWB0cErMszU25dy2,0.564,0.903,5,-3.221,1,0.307,0.356,0.0,0.175,0.607,78.293,audio_features,1dm6z1fWB0cErMszU25dy2,spotify:track:1dm6z1fWB0cErMszU25dy2,https://api.spotify.com/v1/tracks/1dm6z1fWB0cErMszU25dy2,https://api.spotify.com/v1/audio-analysis/1dm6z1fWB0cErMszU25dy2,230400,4
31,32,Super Gremlin,Kodak Black,4A8cWXxKfIL3lAyUDzXbCF,0.825,0.414,2,-6.634,1,0.144,0.00265,0.0,0.357,0.106,72.993,audio_features,4A8cWXxKfIL3lAyUDzXbCF,spotify:track:4A8cWXxKfIL3lAyUDzXbCF,https://api.spotify.com/v1/tracks/4A8cWXxKfIL3lAyUDzXbCF,https://api.spotify.com/v1/audio-analysis/4A8cWXxKfIL3lAyUDzXbCF,200548,4
32,33,Thats What I Want,Lil Nas X,0e8nrvls4Qqv5Rfa2UhqmO,0.737,0.846,1,-4.51,0,0.22,0.00614,0.0,0.0486,0.546,87.981,audio_features,0e8nrvls4Qqv5Rfa2UhqmO,spotify:track:0e8nrvls4Qqv5Rfa2UhqmO,https://api.spotify.com/v1/tracks/0e8nrvls4Qqv5Rfa2UhqmO,https://api.spotify.com/v1/audio-analysis/0e8nrvls4Qqv5Rfa2UhqmO,143901,4
33,34,Numb Little Bug,Em Beihold,3o9kpgkIcffx0iSwxhuNI2,0.742,0.527,8,-6.892,0,0.0769,0.327,0.0,0.25,0.638,84.974,audio_features,3o9kpgkIcffx0iSwxhuNI2,spotify:track:3o9kpgkIcffx0iSwxhuNI2,https://api.spotify.com/v1/tracks/3o9kpgkIcffx0iSwxhuNI2,https://api.spotify.com/v1/audio-analysis/3o9kpgkIcffx0iSwxhuNI2,169238,4
34,35,Shivers,Ed Sheeran,50nfwKoDiSYg8zOCREWAm5,0.788,0.859,2,-2.724,1,0.0856,0.281,0.0,0.0424,0.822,141.02,audio_features,50nfwKoDiSYg8zOCREWAm5,spotify:track:50nfwKoDiSYg8zOCREWAm5,https://api.spotify.com/v1/tracks/50nfwKoDiSYg8zOCREWAm5,https://api.spotify.com/v1/audio-analysis/50nfwKoDiSYg8zOCREWAm5,207853,4
35,36,Bam Bam,Camila Cabello Featuring Ed Sheeran,0QBzMgT7NIeoCYy3sJCof1,0.756,0.697,8,-6.377,1,0.0401,0.182,0.0,0.333,0.956,94.996,audio_features,0QBzMgT7NIeoCYy3sJCof1,spotify:track:0QBzMgT7NIeoCYy3sJCof1,https://api.spotify.com/v1/tracks/0QBzMgT7NIeoCYy3sJCof1,https://api.spotify.com/v1/audio-analysis/0QBzMgT7NIeoCYy3sJCof1,206071,4
36,37,Cold Heart (PNAU Remix),Elton John & Dua Lipa,6zSpb8dQRaw0M1dK8PBwQz,0.796,0.798,1,-6.312,1,0.0317,0.034,4.19e-05,0.0952,0.942,116.032,audio_features,6zSpb8dQRaw0M1dK8PBwQz,spotify:track:6zSpb8dQRaw0M1dK8PBwQz,https://api.spotify.com/v1/tracks/6zSpb8dQRaw0M1dK8PBwQz,https://api.spotify.com/v1/audio-analysis/6zSpb8dQRaw0M1dK8PBwQz,202735,4
37,38,Puffin On Zootiez,Future,1qMMYpVatbRITKCfq1gasi,0.883,0.657,8,-5.748,1,0.305,0.0603,0.0,0.128,0.284,124.992,audio_features,1qMMYpVatbRITKCfq1gasi,spotify:track:1qMMYpVatbRITKCfq1gasi,https://api.spotify.com/v1/tracks/1qMMYpVatbRITKCfq1gasi,https://api.spotify.com/v1/audio-analysis/1qMMYpVatbRITKCfq1gasi,172933,4
38,39,Sweetest Pie,Megan Thee Stallion & Dua Lipa,7mFj0LlWtEJaEigguaWqYh,0.814,0.628,7,-7.178,1,0.221,0.167,0.0,0.101,0.677,123.977,audio_features,7mFj0LlWtEJaEigguaWqYh,spotify:track:7mFj0LlWtEJaEigguaWqYh,https://api.spotify.com/v1/tracks/7mFj0LlWtEJaEigguaWqYh,https://api.spotify.com/v1/audio-analysis/7mFj0LlWtEJaEigguaWqYh,201334,4
39,40,Die Hard,"Kendrick Lamar, Blxst & Amanda Reifer",2g6tReTlM2Akp41g0HaeXN,0.775,0.736,1,-8.072,0,0.247,0.319,0.00116,0.127,0.362,100.988,audio_features,2g6tReTlM2Akp41g0HaeXN,spotify:track:2g6tReTlM2Akp41g0HaeXN,https://api.spotify.com/v1/tracks/2g6tReTlM2Akp41g0HaeXN,https://api.spotify.com/v1/audio-analysis/2g6tReTlM2Akp41g0HaeXN,239027,4
40,41,Something In The Orange,Zach Bryan,3WMj8moIAXJhHsyLaqIIHI,0.369,0.192,4,-12.151,0,0.04,0.555,8.35e-06,0.0954,0.148,175.212,audio_features,3WMj8moIAXJhHsyLaqIIHI,spotify:track:3WMj8moIAXJhHsyLaqIIHI,https://api.spotify.com/v1/tracks/3WMj8moIAXJhHsyLaqIIHI,https://api.spotify.com/v1/audio-analysis/3WMj8moIAXJhHsyLaqIIHI,228013,3
41,42,Cooped Up,Post Malone Featuring Roddy Ricch,7DwcBgdzqhFJltEaV1XF81,0.669,0.773,0,-5.619,1,0.153,0.038,0.0,0.113,0.377,93.923,audio_features,7DwcBgdzqhFJltEaV1XF81,spotify:track:7DwcBgdzqhFJltEaV1XF81,https://api.spotify.com/v1/tracks/7DwcBgdzqhFJltEaV1XF81,https://api.spotify.com/v1/audio-analysis/7DwcBgdzqhFJltEaV1XF81,185857,4
42,43,Trouble With A Heartbreak,Jason Aldean,3HO30hRbkOLU6ZWERayfQO,0.582,0.797,5,-4.926,1,0.0334,0.23,0.0,0.132,0.595,135.973,audio_features,3HO30hRbkOLU6ZWERayfQO,spotify:track:3HO30hRbkOLU6ZWERayfQO,https://api.spotify.com/v1/tracks/3HO30hRbkOLU6ZWERayfQO,https://api.spotify.com/v1/audio-analysis/3HO30hRbkOLU6ZWERayfQO,196027,4
43,45,'Til You Can't,Cody Johnson,4k3lPl8YTKuY8c1HelVnm3,0.501,0.815,1,-4.865,1,0.0436,0.0513,0.0,0.106,0.46,160.087,audio_features,4k3lPl8YTKuY8c1HelVnm3,spotify:track:4k3lPl8YTKuY8c1HelVnm3,https://api.spotify.com/v1/tracks/4k3lPl8YTKuY8c1HelVnm3,https://api.spotify.com/v1/audio-analysis/4k3lPl8YTKuY8c1HelVnm3,224213,4
44,46,MAMIII,Becky G X Karol G,1ri9ZUkBJVFUdgwzCnfcYs,0.843,0.7,4,-3.563,0,0.0803,0.0934,0.0,0.14,0.899,93.991,audio_features,1ri9ZUkBJVFUdgwzCnfcYs,spotify:track:1ri9ZUkBJVFUdgwzCnfcYs,https://api.spotify.com/v1/tracks/1ri9ZUkBJVFUdgwzCnfcYs,https://api.spotify.com/v1/audio-analysis/1ri9ZUkBJVFUdgwzCnfcYs,226088,4
45,47,Take My Name,Parmalee,2afB4eV1KWBqLqFqME6PTh,0.559,0.66,7,-4.143,1,0.0512,0.222,0.0,0.193,0.574,163.957,audio_features,2afB4eV1KWBqLqFqME6PTh,spotify:track:2afB4eV1KWBqLqFqME6PTh,https://api.spotify.com/v1/tracks/2afB4eV1KWBqLqFqME6PTh,https://api.spotify.com/v1/audio-analysis/2afB4eV1KWBqLqFqME6PTh,157907,4
46,48,Silent Hill,Kendrick Lamar & Kodak Black,3lzUeaCbcCDB5IXYfqWRlF,0.907,0.577,1,-6.737,0,0.0767,0.438,3.19e-05,0.137,0.801,140.07,audio_features,3lzUeaCbcCDB5IXYfqWRlF,spotify:track:3lzUeaCbcCDB5IXYfqWRlF,https://api.spotify.com/v1/tracks/3lzUeaCbcCDB5IXYfqWRlF,https://api.spotify.com/v1/audio-analysis/3lzUeaCbcCDB5IXYfqWRlF,220779,4
47,49,Ojitos Lindos,Bad Bunny & Bomba Estereo,3k3NWokhRRkEPhCzPmV8TW,0.647,0.686,3,-5.745,0,0.0413,0.08,1.34e-06,0.528,0.268,79.928,audio_features,3k3NWokhRRkEPhCzPmV8TW,spotify:track:3k3NWokhRRkEPhCzPmV8TW,https://api.spotify.com/v1/tracks/3k3NWokhRRkEPhCzPmV8TW,https://api.spotify.com/v1/audio-analysis/3k3NWokhRRkEPhCzPmV8TW,258299,4
48,50,AA,Walker Hayes,77oKig47u34qCCFWKMfu1e,0.635,0.747,4,-6.227,1,0.0293,0.00313,0.0,0.346,0.753,104.027,audio_features,77oKig47u34qCCFWKMfu1e,spotify:track:77oKig47u34qCCFWKMfu1e,https://api.spotify.com/v1/tracks/77oKig47u34qCCFWKMfu1e,https://api.spotify.com/v1/audio-analysis/77oKig47u34qCCFWKMfu1e,189560,4
49,51,Thousand Miles,The Kid LAROI,1r8ZCjfrQxoy2wVaBUbpwg,0.376,0.657,7,-4.658,1,0.0768,0.0858,0.0,0.0884,0.203,80.565,audio_features,1r8ZCjfrQxoy2wVaBUbpwg,spotify:track:1r8ZCjfrQxoy2wVaBUbpwg,https://api.spotify.com/v1/tracks/1r8ZCjfrQxoy2wVaBUbpwg,https://api.spotify.com/v1/audio-analysis/1r8ZCjfrQxoy2wVaBUbpwg,164782,4
50,52,In A Minute,Lil Baby,3ihIZrJreMJPjQdNLrEXnP,0.643,0.605,4,-5.968,0,0.297,0.0336,0.0,0.112,0.145,84.216,audio_features,3ihIZrJreMJPjQdNLrEXnP,spotify:track:3ihIZrJreMJPjQdNLrEXnP,https://api.spotify.com/v1/tracks/3ihIZrJreMJPjQdNLrEXnP,https://api.spotify.com/v1/audio-analysis/3ihIZrJreMJPjQdNLrEXnP,200471,4
51,54,Tarot,Bad Bunny & Jhay Cortez,41oY4WCTj5kccfesTVFnvN,0.795,0.684,11,-3.971,0,0.0419,0.0225,0.0,0.658,0.419,114.011,audio_features,41oY4WCTj5kccfesTVFnvN,spotify:track:41oY4WCTj5kccfesTVFnvN,https://api.spotify.com/v1/tracks/41oY4WCTj5kccfesTVFnvN,https://api.spotify.com/v1/audio-analysis/41oY4WCTj5kccfesTVFnvN,237895,4
52,55,Un Ratito,Bad Bunny,5CzixCxDkRXX9mScCmah8O,0.787,0.546,0,-7.094,0,0.0532,0.305,4.55e-05,0.122,0.222,93.05,audio_features,5CzixCxDkRXX9mScCmah8O,spotify:track:5CzixCxDkRXX9mScCmah8O,https://api.spotify.com/v1/tracks/5CzixCxDkRXX9mScCmah8O,https://api.spotify.com/v1/audio-analysis/5CzixCxDkRXX9mScCmah8O,176936,4
53,56,Damn Strait,Scotty McCreery,4jp9FimhP2bQ93vR0A5r7b,0.523,0.64,4,-6.15,1,0.0295,0.0512,5.52e-05,0.0675,0.48,144.022,audio_features,4jp9FimhP2bQ93vR0A5r7b,spotify:track:4jp9FimhP2bQ93vR0A5r7b,https://api.spotify.com/v1/tracks/4jp9FimhP2bQ93vR0A5r7b,https://api.spotify.com/v1/audio-analysis/4jp9FimhP2bQ93vR0A5r7b,230227,4
54,57,Get Into It (Yuh),Doja Cat,0W6I02J9xcqK8MtSeosEXb,0.912,0.655,8,-6.029,0,0.162,0.315,3.39e-05,0.0894,0.793,91.942,audio_features,0W6I02J9xcqK8MtSeosEXb,spotify:track:0W6I02J9xcqK8MtSeosEXb,https://api.spotify.com/v1/tracks/0W6I02J9xcqK8MtSeosEXb,https://api.spotify.com/v1/audio-analysis/0W6I02J9xcqK8MtSeosEXb,138293,4
55,58,Hotel Lobby (Unc And Phew),Quavo & Takeoff,0QNNd0qMCDbraS1nQPg3aA,0.821,0.636,11,-4.479,1,0.169,0.142,0.0,0.233,0.163,127.961,audio_features,0QNNd0qMCDbraS1nQPg3aA,spotify:track:0QNNd0qMCDbraS1nQPg3aA,https://api.spotify.com/v1/tracks/0QNNd0qMCDbraS1nQPg3aA,https://api.spotify.com/v1/audio-analysis/0QNNd0qMCDbraS1nQPg3aA,142657,4
56,59,She's All I Wanna Be,Tate McRae,0IuVhCflrQPMGRrOyoY5RW,0.614,0.644,2,-5.372,0,0.0426,0.0134,7.07e-06,0.117,0.651,160.036,audio_features,0IuVhCflrQPMGRrOyoY5RW,spotify:track:0IuVhCflrQPMGRrOyoY5RW,https://api.spotify.com/v1/tracks/0IuVhCflrQPMGRrOyoY5RW,https://api.spotify.com/v1/audio-analysis/0IuVhCflrQPMGRrOyoY5RW,206772,4
57,60,Rich Spirit,Kendrick Lamar,1QPreu0BNOrUfEb8HTd2qG,0.852,0.421,10,-9.153,0,0.208,0.428,2.28e-06,0.106,0.457,95.977,audio_features,1QPreu0BNOrUfEb8HTd2qG,spotify:track:1QPreu0BNOrUfEb8HTd2qG,https://api.spotify.com/v1/tracks/1QPreu0BNOrUfEb8HTd2qG,https://api.spotify.com/v1/audio-analysis/1QPreu0BNOrUfEb8HTd2qG,202285,4
58,61,Thought You Should Know,Morgan Wallen,6NHpyYvJyQsg2nXXzGYc2R,0.529,0.695,6,-6.174,1,0.0278,0.488,1.24e-05,0.142,0.514,139.993,audio_features,6NHpyYvJyQsg2nXXzGYc2R,spotify:track:6NHpyYvJyQsg2nXXzGYc2R,https://api.spotify.com/v1/tracks/6NHpyYvJyQsg2nXXzGYc2R,https://api.spotify.com/v1/audio-analysis/6NHpyYvJyQsg2nXXzGYc2R,215572,4
59,62,Efecto,Bad Bunny,5Eax0qFko2dh7Rl2lYs3bx,0.801,0.475,7,-8.797,0,0.0516,0.141,1.73e-05,0.0639,0.234,98.047,audio_features,5Eax0qFko2dh7Rl2lYs3bx,spotify:track:5Eax0qFko2dh7Rl2lYs3bx,https://api.spotify.com/v1/tracks/5Eax0qFko2dh7Rl2lYs3bx,https://api.spotify.com/v1/audio-analysis/5Eax0qFko2dh7Rl2lYs3bx,213061,4
60,63,2step,Ed Sheeran Featuring Lil Baby,2UN0lp72LAusrXi8LLVomt,0.693,0.643,4,-5.867,0,0.0828,0.138,0.0,0.108,0.477,95.055,audio_features,2UN0lp72LAusrXi8LLVomt,spotify:track:2UN0lp72LAusrXi8LLVomt,https://api.spotify.com/v1/tracks/2UN0lp72LAusrXi8LLVomt,https://api.spotify.com/v1/audio-analysis/2UN0lp72LAusrXi8LLVomt,163450,4
61,64,Fall In Love,Bailey Zimmerman,5gVCfYmQRPy1QJifP8f5gg,0.524,0.643,9,-6.055,1,0.0297,0.451,0.0,0.221,0.397,135.962,audio_features,5gVCfYmQRPy1QJifP8f5gg,spotify:track:5gVCfYmQRPy1QJifP8f5gg,https://api.spotify.com/v1/tracks/5gVCfYmQRPy1QJifP8f5gg,https://api.spotify.com/v1/audio-analysis/5gVCfYmQRPy1QJifP8f5gg,232059,4
62,65,Slow Down Summer,Thomas Rhett,1fff5nZGyRJtFLkOrSSwOU,0.464,0.755,4,-5.707,1,0.0354,0.00838,0.0,0.0989,0.449,155.973,audio_features,1fff5nZGyRJtFLkOrSSwOU,spotify:track:1fff5nZGyRJtFLkOrSSwOU,https://api.spotify.com/v1/tracks/1fff5nZGyRJtFLkOrSSwOU,https://api.spotify.com/v1/audio-analysis/1fff5nZGyRJtFLkOrSSwOU,216764,4
63,66,When You're Gone,Shawn Mendes,0U1W2LZVUX7qTm7dDpqxh6,0.603,0.691,5,-5.805,1,0.0372,0.0248,0.0,0.583,0.577,147.148,audio_features,0U1W2LZVUX7qTm7dDpqxh6,spotify:track:0U1W2LZVUX7qTm7dDpqxh6,https://api.spotify.com/v1/tracks/0U1W2LZVUX7qTm7dDpqxh6,https://api.spotify.com/v1/audio-analysis/0U1W2LZVUX7qTm7dDpqxh6,172267,4
64,67,Never Say Never,Cole Swindell / Lainey Wilson,03kCiUPjdAV9ur9ugm8PQT,0.472,0.937,0,-4.028,0,0.0567,0.00717,0.0,0.11,0.454,140.073,audio_features,03kCiUPjdAV9ur9ugm8PQT,spotify:track:03kCiUPjdAV9ur9ugm8PQT,https://api.spotify.com/v1/tracks/03kCiUPjdAV9ur9ugm8PQT,https://api.spotify.com/v1/audio-analysis/03kCiUPjdAV9ur9ugm8PQT,176147,4
65,68,What Happened To Virgil,Lil Durk Featuring Gunna,7ohROa13QK43JBRqfCmz4P,0.795,0.526,6,-9.086,0,0.204,0.067,2e-06,0.134,0.194,140.037,audio_features,7ohROa13QK43JBRqfCmz4P,spotify:track:7ohROa13QK43JBRqfCmz4P,https://api.spotify.com/v1/tracks/7ohROa13QK43JBRqfCmz4P,https://api.spotify.com/v1/audio-analysis/7ohROa13QK43JBRqfCmz4P,181393,4
66,69,Yo No Soy Celoso,Bad Bunny,5kVZxyMY1gfdCLiChsfjn1,0.872,0.588,0,-6.276,1,0.0492,0.275,0.0,0.17,0.93,142.004,audio_features,5kVZxyMY1gfdCLiChsfjn1,spotify:track:5kVZxyMY1gfdCLiChsfjn1,https://api.spotify.com/v1/tracks/5kVZxyMY1gfdCLiChsfjn1,https://api.spotify.com/v1/audio-analysis/5kVZxyMY1gfdCLiChsfjn1,230704,4
67,70,Right On,Lil Baby,6ws54n2IzyrIxxyzlG2bVJ,0.535,0.618,2,-5.668,1,0.382,0.0245,0.0,0.103,0.211,165.991,audio_features,6ws54n2IzyrIxxyzlG2bVJ,spotify:track:6ws54n2IzyrIxxyzlG2bVJ,https://api.spotify.com/v1/tracks/6ws54n2IzyrIxxyzlG2bVJ,https://api.spotify.com/v1/audio-analysis/6ws54n2IzyrIxxyzlG2bVJ,213976,4
68,71,Freaky Deaky,Tyga X Doja Cat,3vySEUpD0tc801F2WZDLYw,0.799,0.653,2,-5.453,0,0.037,0.019,0.0,0.0935,0.236,104.019,audio_features,3vySEUpD0tc801F2WZDLYw,spotify:track:3vySEUpD0tc801F2WZDLYw,https://api.spotify.com/v1/tracks/3vySEUpD0tc801F2WZDLYw,https://api.spotify.com/v1/audio-analysis/3vySEUpD0tc801F2WZDLYw,215281,4
69,72,Father Time,Kendrick Lamar Featuring Sampha,28qA8y1sz0FTuSapsCxNOG,0.514,0.779,10,-4.365,0,0.344,0.181,0.0,0.099,0.517,152.869,audio_features,28qA8y1sz0FTuSapsCxNOG,spotify:track:28qA8y1sz0FTuSapsCxNOG,https://api.spotify.com/v1/tracks/28qA8y1sz0FTuSapsCxNOG,https://api.spotify.com/v1/audio-analysis/28qA8y1sz0FTuSapsCxNOG,222497,4
70,73,Like I Love Country Music,Kane Brown,3j1xkzTW8owIphkWV51V9s,0.542,0.82,8,-6.073,1,0.0432,0.000682,0.000136,0.0561,0.702,124.85,audio_features,3j1xkzTW8owIphkWV51V9s,spotify:track:3j1xkzTW8owIphkWV51V9s,https://api.spotify.com/v1/tracks/3j1xkzTW8owIphkWV51V9s,https://api.spotify.com/v1/audio-analysis/3j1xkzTW8owIphkWV51V9s,234341,4
71,74,If I Was A Cowboy,Miranda Lambert,6F7UOC6fPWOkPqybOWBHSv,0.575,0.644,6,-5.68,0,0.0309,0.271,0.0,0.131,0.626,80.07,audio_features,6F7UOC6fPWOkPqybOWBHSv,spotify:track:6F7UOC6fPWOkPqybOWBHSv,https://api.spotify.com/v1/tracks/6F7UOC6fPWOkPqybOWBHSv,https://api.spotify.com/v1/audio-analysis/6F7UOC6fPWOkPqybOWBHSv,195013,4
72,75,Dua Lipa,Jack Harlow,0LnS7aOdOdI1dNKZqdOLz4,0.833,0.652,11,-6.942,1,0.0762,0.00161,0.0985,0.106,0.405,158.022,audio_features,0LnS7aOdOdI1dNKZqdOLz4,spotify:track:0LnS7aOdOdI1dNKZqdOLz4,https://api.spotify.com/v1/tracks/0LnS7aOdOdI1dNKZqdOLz4,https://api.spotify.com/v1/audio-analysis/0LnS7aOdOdI1dNKZqdOLz4,135053,4
73,76,Neverita,Bad Bunny,31i56LZnwE6uSu3exoHjtB,0.876,0.498,10,-7.511,1,0.0478,0.0706,0.0,0.143,0.428,122.016,audio_features,31i56LZnwE6uSu3exoHjtB,spotify:track:31i56LZnwE6uSu3exoHjtB,https://api.spotify.com/v1/tracks/31i56LZnwE6uSu3exoHjtB,https://api.spotify.com/v1/audio-analysis/31i56LZnwE6uSu3exoHjtB,173119,4
74,77,Count Me Out,Kendrick Lamar,6BU1RZexmvJcBjgagVVt3M,0.776,0.431,4,-7.544,0,0.091,0.671,0.0,0.153,0.495,133.999,audio_features,6BU1RZexmvJcBjgagVVt3M,spotify:track:6BU1RZexmvJcBjgagVVt3M,https://api.spotify.com/v1/tracks/6BU1RZexmvJcBjgagVVt3M,https://api.spotify.com/v1/audio-analysis/6BU1RZexmvJcBjgagVVt3M,283642,4
75,78,United In Grief,Kendrick Lamar,5Gt9bxniM1SxN61yRzRhXL,0.529,0.845,8,-8.142,1,0.404,0.244,0.0,0.143,0.331,85.63,audio_features,5Gt9bxniM1SxN61yRzRhXL,spotify:track:5Gt9bxniM1SxN61yRzRhXL,https://api.spotify.com/v1/tracks/5Gt9bxniM1SxN61yRzRhXL,https://api.spotify.com/v1/audio-analysis/5Gt9bxniM1SxN61yRzRhXL,255378,3
76,79,La Corriente,Bad Bunny & Tony Dize,1797zYiX4cKosMH836X9Gt,0.663,0.786,11,-3.51,0,0.195,0.229,0.0,0.219,0.579,196.12,audio_features,1797zYiX4cKosMH836X9Gt,spotify:track:1797zYiX4cKosMH836X9Gt,https://api.spotify.com/v1/tracks/1797zYiX4cKosMH836X9Gt,https://api.spotify.com/v1/audio-analysis/1797zYiX4cKosMH836X9Gt,198367,4
77,80,Me Or Sum,"Nardo Wick, Lil Baby & Future",2HHLfzE7PkljuqyYU4vwmh,0.534,0.573,1,-6.757,1,0.414,0.00926,0.0,0.136,0.373,160.333,audio_features,2HHLfzE7PkljuqyYU4vwmh,spotify:track:2HHLfzE7PkljuqyYU4vwmh,https://api.spotify.com/v1/tracks/2HHLfzE7PkljuqyYU4vwmh,https://api.spotify.com/v1/audio-analysis/2HHLfzE7PkljuqyYU4vwmh,225533,4
78,81,Flower Shops,ERNEST Featuring Morgan Wallen,2ccuOtUjIyx3tPcsnpeBzJ,0.527,0.461,7,-5.908,1,0.0269,0.118,0.0,0.0831,0.227,128.153,audio_features,2ccuOtUjIyx3tPcsnpeBzJ,spotify:track:2ccuOtUjIyx3tPcsnpeBzJ,https://api.spotify.com/v1/tracks/2ccuOtUjIyx3tPcsnpeBzJ,https://api.spotify.com/v1/audio-analysis/2ccuOtUjIyx3tPcsnpeBzJ,214405,3
79,83,Love You Better,Future,4XJRpBOG0bU3Nxnvam3FnC,0.709,0.357,5,-9.289,1,0.214,0.478,0.000294,0.112,0.544,75.494,audio_features,4XJRpBOG0bU3Nxnvam3FnC,spotify:track:4XJRpBOG0bU3Nxnvam3FnC,https://api.spotify.com/v1/tracks/4XJRpBOG0bU3Nxnvam3FnC,https://api.spotify.com/v1/audio-analysis/4XJRpBOG0bU3Nxnvam3FnC,129480,4
80,84,Pushin P,Gunna & Future Featuring Young Thug,3XOalgusokruzA5ZBA2Qcb,0.773,0.422,1,-4.572,0,0.187,0.00783,0.00693,0.129,0.488,77.502,audio_features,3XOalgusokruzA5ZBA2Qcb,spotify:track:3XOalgusokruzA5ZBA2Qcb,https://api.spotify.com/v1/tracks/3XOalgusokruzA5ZBA2Qcb,https://api.spotify.com/v1/audio-analysis/3XOalgusokruzA5ZBA2Qcb,136267,1
81,85,Hold My Hand,Lady Gaga,0oWraSo5ASJ0h1BEagTyEw,0.519,0.617,7,-4.287,1,0.0313,0.0387,0.0,0.401,0.222,147.708,audio_features,0oWraSo5ASJ0h1BEagTyEw,spotify:track:0oWraSo5ASJ0h1BEagTyEw,https://api.spotify.com/v1/tracks/0oWraSo5ASJ0h1BEagTyEw,https://api.spotify.com/v1/audio-analysis/0oWraSo5ASJ0h1BEagTyEw,225300,3
82,86,Andrea,Bad Bunny & Buscabulla,44XjoNvtwevktFKjvVe1vH,0.797,0.616,1,-10.229,0,0.375,0.762,0.000293,0.0979,0.451,103.071,audio_features,44XjoNvtwevktFKjvVe1vH,spotify:track:44XjoNvtwevktFKjvVe1vH,https://api.spotify.com/v1/tracks/44XjoNvtwevktFKjvVe1vH,https://api.spotify.com/v1/audio-analysis/44XjoNvtwevktFKjvVe1vH,339612,4
83,87,Circles Around This Town,Maren Morris,13G5xv1wUKvJYbK0wYmioN,0.591,0.814,4,-4.986,1,0.0468,0.015,0.0,0.117,0.815,149.9,audio_features,13G5xv1wUKvJYbK0wYmioN,spotify:track:13G5xv1wUKvJYbK0wYmioN,https://api.spotify.com/v1/tracks/13G5xv1wUKvJYbK0wYmioN,https://api.spotify.com/v1/audio-analysis/13G5xv1wUKvJYbK0wYmioN,195760,4
84,88,Never Wanted To Be That Girl,Carly Pearce & Ashley McBryde,3TuMOIzXkhKFDNHyQ7Mo8J,0.553,0.609,1,-6.436,1,0.0469,0.151,0.0,0.112,0.471,73.903,audio_features,3TuMOIzXkhKFDNHyQ7Mo8J,spotify:track:3TuMOIzXkhKFDNHyQ7Mo8J,https://api.spotify.com/v1/tracks/3TuMOIzXkhKFDNHyQ7Mo8J,https://api.spotify.com/v1/audio-analysis/3TuMOIzXkhKFDNHyQ7Mo8J,214416,4
85,89,She Likes It,Russell Dickerson & Jake Scott,6VVqPBFZIbcmv14zNfOc13,0.79,0.325,4,-11.689,1,0.127,0.509,0.0,0.155,0.539,126.877,audio_features,6VVqPBFZIbcmv14zNfOc13,spotify:track:6VVqPBFZIbcmv14zNfOc13,https://api.spotify.com/v1/tracks/6VVqPBFZIbcmv14zNfOc13,https://api.spotify.com/v1/audio-analysis/6VVqPBFZIbcmv14zNfOc13,163311,4
86,90,No Love,Summer Walker & SZA,08SB2OtZkaliju77WYEKxk,0.707,0.618,1,-5.825,0,0.19,0.17,0.0,0.293,0.517,133.876,audio_features,08SB2OtZkaliju77WYEKxk,spotify:track:08SB2OtZkaliju77WYEKxk,https://api.spotify.com/v1/tracks/08SB2OtZkaliju77WYEKxk,https://api.spotify.com/v1/audio-analysis/08SB2OtZkaliju77WYEKxk,231498,4
87,92,Whiskey On You,Nate Smith,6Tm4Io4ct4w14nB1EUzsY3,0.479,0.768,8,-5.204,1,0.0312,7.02e-05,0.00549,0.121,0.576,110.024,audio_features,6Tm4Io4ct4w14nB1EUzsY3,spotify:track:6Tm4Io4ct4w14nB1EUzsY3,https://api.spotify.com/v1/tracks/6Tm4Io4ct4w14nB1EUzsY3,https://api.spotify.com/v1/audio-analysis/6Tm4Io4ct4w14nB1EUzsY3,183790,4
88,93,Aguacero,Bad Bunny,2uflssWlCaJ6CbTMOsUpNI,0.861,0.645,6,-6.96,0,0.0743,0.423,0.000592,0.349,0.668,121.391,audio_features,2uflssWlCaJ6CbTMOsUpNI,spotify:track:2uflssWlCaJ6CbTMOsUpNI,https://api.spotify.com/v1/tracks/2uflssWlCaJ6CbTMOsUpNI,https://api.spotify.com/v1/audio-analysis/2uflssWlCaJ6CbTMOsUpNI,210989,5
89,94,Un Coco,Bad Bunny,6VrQTLzzuyGIYjUDe4kAZk,0.839,0.69,11,-4.464,1,0.0615,0.207,8.33e-06,0.176,0.744,151.991,audio_features,6VrQTLzzuyGIYjUDe4kAZk,spotify:track:6VrQTLzzuyGIYjUDe4kAZk,https://api.spotify.com/v1/tracks/6VrQTLzzuyGIYjUDe4kAZk,https://api.spotify.com/v1/audio-analysis/6VrQTLzzuyGIYjUDe4kAZk,196413,4
90,95,Otro Atardecer,Bad Bunny & The Marias,0E0DRHf5PfMeor0ZCwB3oT,0.777,0.595,2,-6.79,1,0.0375,0.59,0.00139,0.0669,0.546,108.02,audio_features,0E0DRHf5PfMeor0ZCwB3oT,spotify:track:0E0DRHf5PfMeor0ZCwB3oT,https://api.spotify.com/v1/tracks/0E0DRHf5PfMeor0ZCwB3oT,https://api.spotify.com/v1/audio-analysis/0E0DRHf5PfMeor0ZCwB3oT,244444,4
91,96,We Cry Together,Kendrick Lamar & Taylour Paige,67XC51nlZncNpHmZ8rOU9a,0.648,0.68,11,-7.276,1,0.345,0.292,0.0,0.0808,0.504,106.89,audio_features,67XC51nlZncNpHmZ8rOU9a,spotify:track:67XC51nlZncNpHmZ8rOU9a,https://api.spotify.com/v1/tracks/67XC51nlZncNpHmZ8rOU9a,https://api.spotify.com/v1/audio-analysis/67XC51nlZncNpHmZ8rOU9a,341307,3
92,97,Dos Mil 16,Bad Bunny,4d4ZXH4dr5bYfgErHiZCX2,0.817,0.67,1,-6.534,1,0.0506,0.123,1.92e-06,0.128,0.495,130.058,audio_features,4d4ZXH4dr5bYfgErHiZCX2,spotify:track:4d4ZXH4dr5bYfgErHiZCX2,https://api.spotify.com/v1/tracks/4d4ZXH4dr5bYfgErHiZCX2,https://api.spotify.com/v1/audio-analysis/4d4ZXH4dr5bYfgErHiZCX2,208615,3
93,98,DFMU,Ella Mai,1bdm32mVmoGcek5bVKxQKd,0.708,0.673,6,-4.163,1,0.0585,0.499,0.000233,0.103,0.311,136.969,audio_features,1bdm32mVmoGcek5bVKxQKd,spotify:track:1bdm32mVmoGcek5bVKxQKd,https://api.spotify.com/v1/tracks/1bdm32mVmoGcek5bVKxQKd,https://api.spotify.com/v1/audio-analysis/1bdm32mVmoGcek5bVKxQKd,197520,4
94,99,Hate Our Love,Queen Naija & Big Sean,3pEINn37iH5fx8TpXYNGIO,0.662,0.655,2,-5.44,1,0.26,0.462,0.0,0.124,0.356,82.079,audio_features,3pEINn37iH5fx8TpXYNGIO,spotify:track:3pEINn37iH5fx8TpXYNGIO,https://api.spotify.com/v1/tracks/3pEINn37iH5fx8TpXYNGIO,https://api.spotify.com/v1/audio-analysis/3pEINn37iH5fx8TpXYNGIO,226374,4
