Unnamed: 0,title,artist,id,danceability,energy,key,loudness,mode,speechiness,acousticness,instrumentalness,liveness,valence,tempo,type,id,uri,track_href,analysis_url,duration_ms,time_signature
1501,Thinking out Loud,Ed Sheeran,34gCuhDGsG4bRPIf9bb02f,0.781,0.445,2,-6.061,1,0.0295,0.474,0.0,0.184,0.591,78.998,audio_features,34gCuhDGsG4bRPIf9bb02f,spotify:track:34gCuhDGsG4bRPIf9bb02f,https://api.spotify.com/v1/tracks/34gCuhDGsG4bRPIf9bb02f,https://api.spotify.com/v1/audio-analysis/34gCuhDGsG4bRPIf9bb02f,281560,4
1502,See You Again (feat. Charlie Puth),Wiz Khalifa,2JzZzZUQj3Qff7wapcbKjc,0.689,0.481,10,-7.503,1,0.0815,0.369,1.03e-06,0.0649,0.283,80.025,audio_features,2JzZzZUQj3Qff7wapcbKjc,spotify:track:2JzZzZUQj3Qff7wapcbKjc,https://api.spotify.com/v1/tracks/2JzZzZUQj3Qff7wapcbKjc,https://api.spotify.com/v1/audio-analysis/2JzZzZUQj3Qff7wapcbKjc,229526,4
1503,What Do You Mean?,Justin Bieber,4B0JvthVoAAuygILe3n4Bs,0.845,0.567,5,-8.118,0,0.0956,0.59,0.00142,0.0811,0.793,125.02,audio_features,4B0JvthVoAAuygILe3n4Bs,spotify:track:4B0JvthVoAAuygILe3n4Bs,https://api.spotify.com/v1/tracks/4B0JvthVoAAuygILe3n4Bs,https://api.spotify.com/v1/audio-analysis/4B0JvthVoAAuygILe3n4Bs,205680,4
1504,Lean On (feat. MØ & DJ Snake),Major Lazer,4Eoo157VlPNS9mw2fFHXdl,0.463,0.889,5,-3.189,1,0.126,0.0354,0.382,0.186,0.21,127.973,audio_features,4Eoo157VlPNS9mw2fFHXdl,spotify:track:4Eoo157VlPNS9mw2fFHXdl,https://api.spotify.com/v1/tracks/4Eoo157VlPNS9mw2fFHXdl,https://api.spotify.com/v1/audio-analysis/4Eoo157VlPNS9mw2fFHXdl,296350,4
1505,"Earned It (Fifty Shades Of Grey) - From The ""Fifty Shades Of Grey"" Soundtrack",The Weeknd,2PIvq1pGrUjY007X5y1UpM,0.659,0.381,2,-5.922,0,0.0304,0.385,0.0,0.0972,0.426,119.844,audio_features,2PIvq1pGrUjY007X5y1UpM,spotify:track:2PIvq1pGrUjY007X5y1UpM,https://api.spotify.com/v1/tracks/2PIvq1pGrUjY007X5y1UpM,https://api.spotify.com/v1/audio-analysis/2PIvq1pGrUjY007X5y1UpM,252227,3
1506,"Love Me Like You Do - From ""Fifty Shades Of Grey""",Ellie Goulding,3zHq9ouUJQFQRf3cm1rRLu,0.262,0.606,8,-6.646,1,0.0484,0.247,0.0,0.125,0.275,189.857,audio_features,3zHq9ouUJQFQRf3cm1rRLu,spotify:track:3zHq9ouUJQFQRf3cm1rRLu,https://api.spotify.com/v1/tracks/3zHq9ouUJQFQRf3cm1rRLu,https://api.spotify.com/v1/audio-analysis/3zHq9ouUJQFQRf3cm1rRLu,252534,4
1507,Outside (feat. Ellie Goulding),Calvin Harris,7MmG8p0F9N3C4AXdK6o6Eb,0.646,0.823,2,-4.123,0,0.0394,0.213,0.0,0.322,0.418,128.035,audio_features,7MmG8p0F9N3C4AXdK6o6Eb,spotify:track:7MmG8p0F9N3C4AXdK6o6Eb,https://api.spotify.com/v1/tracks/7MmG8p0F9N3C4AXdK6o6Eb,https://api.spotify.com/v1/audio-analysis/7MmG8p0F9N3C4AXdK6o6Eb,227267,4
1508,"Hey Mama (feat. Nicki Minaj, Bebe Rexha & Afrojack)",David Guetta,5b2bu6yyATC1zMXDGScJ2d,0.596,0.73,9,-4.091,1,0.151,0.24,0.0,0.325,0.525,85.979,audio_features,5b2bu6yyATC1zMXDGScJ2d,spotify:track:5b2bu6yyATC1zMXDGScJ2d,https://api.spotify.com/v1/tracks/5b2bu6yyATC1zMXDGScJ2d,https://api.spotify.com/v1/audio-analysis/5b2bu6yyATC1zMXDGScJ2d,192560,4
1509,Cool for the Summer,Demi Lovato,3uwnnTQcHM1rDqSfA4gQNz,0.583,0.61,5,-5.639,0,0.0382,0.00425,0.000105,0.14,0.336,114.06,audio_features,3uwnnTQcHM1rDqSfA4gQNz,spotify:track:3uwnnTQcHM1rDqSfA4gQNz,https://api.spotify.com/v1/tracks/3uwnnTQcHM1rDqSfA4gQNz,https://api.spotify.com/v1/audio-analysis/3uwnnTQcHM1rDqSfA4gQNz,214740,4
1510,Blank Space,Taylor Swift,1p80LdxRV74UKvL8gnD7ky,0.753,0.678,5,-5.421,1,0.0644,0.085,1.64e-06,0.13,0.583,96.006,audio_features,1p80LdxRV74UKvL8gnD7ky,spotify:track:1p80LdxRV74UKvL8gnD7ky,https://api.spotify.com/v1/tracks/1p80LdxRV74UKvL8gnD7ky,https://api.spotify.com/v1/audio-analysis/1p80LdxRV74UKvL8gnD7ky,231827,4
1511,The Hills,The Weeknd,7fBv7CLKzipRk6EC6TWHOB,0.585,0.564,0,-7.063,0,0.0515,0.0671,0.0,0.135,0.137,113.003,audio_features,7fBv7CLKzipRk6EC6TWHOB,spotify:track:7fBv7CLKzipRk6EC6TWHOB,https://api.spotify.com/v1/tracks/7fBv7CLKzipRk6EC6TWHOB,https://api.spotify.com/v1/audio-analysis/7fBv7CLKzipRk6EC6TWHOB,242253,4
1512,Daddy Issues,The Neighbourhood,5E30LdtzQTGqRvNd7l6kG5,0.588,0.521,10,-9.461,1,0.0329,0.0678,0.149,0.123,0.337,85.012,audio_features,5E30LdtzQTGqRvNd7l6kG5,spotify:track:5E30LdtzQTGqRvNd7l6kG5,https://api.spotify.com/v1/tracks/5E30LdtzQTGqRvNd7l6kG5,https://api.spotify.com/v1/audio-analysis/5E30LdtzQTGqRvNd7l6kG5,260173,4
1513,Five More Hours,Deorro,3MOECVkNshqHYTPt5DZcdN,0.699,0.883,5,-3.226,0,0.219,0.0288,0.0,0.817,0.499,127.961,audio_features,3MOECVkNshqHYTPt5DZcdN,spotify:track:3MOECVkNshqHYTPt5DZcdN,https://api.spotify.com/v1/tracks/3MOECVkNshqHYTPt5DZcdN,https://api.spotify.com/v1/audio-analysis/3MOECVkNshqHYTPt5DZcdN,211975,4
1514,The Nights,Avicii,0ct6r3EGTcMLPtrXHDvVjc,0.527,0.835,6,-5.298,1,0.0433,0.0166,0.0,0.249,0.654,125.983,audio_features,0ct6r3EGTcMLPtrXHDvVjc,spotify:track:0ct6r3EGTcMLPtrXHDvVjc,https://api.spotify.com/v1/tracks/0ct6r3EGTcMLPtrXHDvVjc,https://api.spotify.com/v1/audio-analysis/0ct6r3EGTcMLPtrXHDvVjc,176658,4
1517,No Type,Rae Sremmurd,4scpF6J5uMBvoh6sFB7EL1,0.891,0.486,6,-7.803,1,0.159,0.0158,3.78e-06,0.0925,0.239,125.01,audio_features,4scpF6J5uMBvoh6sFB7EL1,spotify:track:4scpF6J5uMBvoh6sFB7EL1,https://api.spotify.com/v1/tracks/4scpF6J5uMBvoh6sFB7EL1,https://api.spotify.com/v1/audio-analysis/4scpF6J5uMBvoh6sFB7EL1,200080,4
1519,GDFR (feat. Sage the Gemini & Lookas),Flo Rida,26rdOwwjC2UnweK3xeS58u,0.657,0.827,5,-4.036,1,0.0734,0.000704,0.00534,0.065,0.69,145.889,audio_features,26rdOwwjC2UnweK3xeS58u,spotify:track:26rdOwwjC2UnweK3xeS58u,https://api.spotify.com/v1/tracks/26rdOwwjC2UnweK3xeS58u,https://api.spotify.com/v1/audio-analysis/26rdOwwjC2UnweK3xeS58u,190186,4
1520,Sugar (feat. Francesco Yates),Robin Schulz,5tf1VVWniHgryyumXyJM7w,0.636,0.815,5,-5.098,0,0.0581,0.0185,0.0,0.163,0.636,123.063,audio_features,5tf1VVWniHgryyumXyJM7w,spotify:track:5tf1VVWniHgryyumXyJM7w,https://api.spotify.com/v1/tracks/5tf1VVWniHgryyumXyJM7w,https://api.spotify.com/v1/audio-analysis/5tf1VVWniHgryyumXyJM7w,219043,4
1521,How Deep Is Your Love,Calvin Harris,22mek4IiqubGD9ctzxc69s,0.738,0.868,11,-4.373,0,0.0731,0.0392,0.00169,0.388,0.336,122.003,audio_features,22mek4IiqubGD9ctzxc69s,spotify:track:22mek4IiqubGD9ctzxc69s,https://api.spotify.com/v1/tracks/22mek4IiqubGD9ctzxc69s,https://api.spotify.com/v1/audio-analysis/22mek4IiqubGD9ctzxc69s,212640,4
1522,Wish You Were Mine - Radio Edit,Philip George,412luShbmlgqqgYFStIB1s,0.654,0.832,7,-4.164,0,0.0293,0.0126,0.0901,0.102,0.407,123.002,audio_features,412luShbmlgqqgYFStIB1s,spotify:track:412luShbmlgqqgYFStIB1s,https://api.spotify.com/v1/tracks/412luShbmlgqqgYFStIB1s,https://api.spotify.com/v1/audio-analysis/412luShbmlgqqgYFStIB1s,177561,4
1524,Centuries,Fall Out Boy,04aAxqtGp5pv12UXAg4pkq,0.393,0.858,4,-2.868,0,0.0729,0.00359,0.0,0.102,0.56,176.042,audio_features,04aAxqtGp5pv12UXAg4pkq,spotify:track:04aAxqtGp5pv12UXAg4pkq,https://api.spotify.com/v1/tracks/04aAxqtGp5pv12UXAg4pkq,https://api.spotify.com/v1/audio-analysis/04aAxqtGp5pv12UXAg4pkq,228360,4
1525,Chill Bill (feat. J. Davi$ & Spooks),Rob $tone,5uDASfU19gDxSjW8cnCaBp,0.886,0.427,6,-10.028,1,0.145,0.0312,0.00099,0.0906,0.23,108.034,audio_features,5uDASfU19gDxSjW8cnCaBp,spotify:track:5uDASfU19gDxSjW8cnCaBp,https://api.spotify.com/v1/tracks/5uDASfU19gDxSjW8cnCaBp,https://api.spotify.com/v1/audio-analysis/5uDASfU19gDxSjW8cnCaBp,177184,4
1526,Are You With Me - Radio Edit,Lost Frequencies,62nhuooamoroYpJyqE0nLd,0.763,0.61,5,-8.094,0,0.0355,0.275,2.71e-05,0.12,0.392,121.031,audio_features,62nhuooamoroYpJyqE0nLd,spotify:track:62nhuooamoroYpJyqE0nLd,https://api.spotify.com/v1/tracks/62nhuooamoroYpJyqE0nLd,https://api.spotify.com/v1/audio-analysis/62nhuooamoroYpJyqE0nLd,138013,4
1527,Stressed Out,Twenty One Pilots,3CRDbSIZ4r5MsZ0YwxuEkn,0.734,0.637,4,-5.677,0,0.141,0.0462,2.29e-05,0.0602,0.648,169.977,audio_features,3CRDbSIZ4r5MsZ0YwxuEkn,spotify:track:3CRDbSIZ4r5MsZ0YwxuEkn,https://api.spotify.com/v1/tracks/3CRDbSIZ4r5MsZ0YwxuEkn,https://api.spotify.com/v1/audio-analysis/3CRDbSIZ4r5MsZ0YwxuEkn,202333,4
1528,Worth It (feat. Kid Ink),Fifth Harmony,41Fflg7qHiVOD6dEPvsCzO,0.884,0.765,8,-3.865,1,0.0882,0.063,7.04e-06,0.118,0.594,99.987,audio_features,41Fflg7qHiVOD6dEPvsCzO,spotify:track:41Fflg7qHiVOD6dEPvsCzO,https://api.spotify.com/v1/tracks/41Fflg7qHiVOD6dEPvsCzO,https://api.spotify.com/v1/audio-analysis/41Fflg7qHiVOD6dEPvsCzO,224573,4
1529,Way down We Go,KALEO,0y1QJc3SJVPKJ1OvFmFqe6,0.489,0.505,10,-8.022,0,0.117,0.579,0.000333,0.104,0.337,163.255,audio_features,0y1QJc3SJVPKJ1OvFmFqe6,spotify:track:0y1QJc3SJVPKJ1OvFmFqe6,https://api.spotify.com/v1/tracks/0y1QJc3SJVPKJ1OvFmFqe6,https://api.spotify.com/v1/audio-analysis/0y1QJc3SJVPKJ1OvFmFqe6,213707,4
1530,Like I Can,Sam Smith,2TeLIzFBe3hxkPR5FIQZut,0.656,0.627,7,-6.627,0,0.0379,0.343,2.17e-05,0.124,0.481,99.933,audio_features,2TeLIzFBe3hxkPR5FIQZut,spotify:track:2TeLIzFBe3hxkPR5FIQZut,https://api.spotify.com/v1/tracks/2TeLIzFBe3hxkPR5FIQZut,https://api.spotify.com/v1/audio-analysis/2TeLIzFBe3hxkPR5FIQZut,167066,4
1533,Waiting For Love,Avicii,2P4OICZRVAQcYAV2JReRfj,0.579,0.736,6,-3.863,0,0.0527,0.31,0.0,0.198,0.613,127.999,audio_features,2P4OICZRVAQcYAV2JReRfj,spotify:track:2P4OICZRVAQcYAV2JReRfj,https://api.spotify.com/v1/tracks/2P4OICZRVAQcYAV2JReRfj,https://api.spotify.com/v1/audio-analysis/2P4OICZRVAQcYAV2JReRfj,230613,4
1535,Wildest Dreams,Taylor Swift,1Ov37jtRQ2YNAe8HzfczkL,0.583,0.67,8,-7.289,1,0.0646,0.0374,0.0001,0.126,0.498,140.061,audio_features,1Ov37jtRQ2YNAe8HzfczkL,spotify:track:1Ov37jtRQ2YNAe8HzfczkL,https://api.spotify.com/v1/tracks/1Ov37jtRQ2YNAe8HzfczkL,https://api.spotify.com/v1/audio-analysis/1Ov37jtRQ2YNAe8HzfczkL,220433,4
1537,Time of Our Lives,Pitbull,2bJvI42r8EF3wxjOuDav4r,0.721,0.802,1,-5.797,1,0.0583,0.0921,0.0,0.694,0.724,124.022,audio_features,2bJvI42r8EF3wxjOuDav4r,spotify:track:2bJvI42r8EF3wxjOuDav4r,https://api.spotify.com/v1/tracks/2bJvI42r8EF3wxjOuDav4r,https://api.spotify.com/v1/audio-analysis/2bJvI42r8EF3wxjOuDav4r,229360,4
1538,Runaway (U & I),Galantis,46lFttIf5hnUZMGvjK0Wxo,0.506,0.805,1,-4.119,1,0.0469,0.00711,0.00193,0.0856,0.383,126.008,audio_features,46lFttIf5hnUZMGvjK0Wxo,spotify:track:46lFttIf5hnUZMGvjK0Wxo,https://api.spotify.com/v1/tracks/46lFttIf5hnUZMGvjK0Wxo,https://api.spotify.com/v1/audio-analysis/46lFttIf5hnUZMGvjK0Wxo,227074,4
1539,Bitch Better Have My Money,Rihanna,0NTMtAO2BV4tnGvw9EgBVq,0.781,0.728,1,-4.981,1,0.0621,0.0509,1.94e-06,0.257,0.395,102.99,audio_features,0NTMtAO2BV4tnGvw9EgBVq,spotify:track:0NTMtAO2BV4tnGvw9EgBVq,https://api.spotify.com/v1/tracks/0NTMtAO2BV4tnGvw9EgBVq,https://api.spotify.com/v1/audio-analysis/0NTMtAO2BV4tnGvw9EgBVq,219306,4
1540,Lush Life,Zara Larsson,1rIKgCH4H52lrvDcz50hS8,0.694,0.712,7,-3.923,0,0.046,0.132,0.0,0.211,0.799,98.023,audio_features,1rIKgCH4H52lrvDcz50hS8,spotify:track:1rIKgCH4H52lrvDcz50hS8,https://api.spotify.com/v1/tracks/1rIKgCH4H52lrvDcz50hS8,https://api.spotify.com/v1/audio-analysis/1rIKgCH4H52lrvDcz50hS8,201122,4
1541,Drag Me Down,One Direction,2K87XMYnUMqLcX3zvtAF4G,0.73,0.703,0,-5.672,0,0.0369,0.109,0.0,0.0657,0.595,138.113,audio_features,2K87XMYnUMqLcX3zvtAF4G,spotify:track:2K87XMYnUMqLcX3zvtAF4G,https://api.spotify.com/v1/tracks/2K87XMYnUMqLcX3zvtAF4G,https://api.spotify.com/v1/audio-analysis/2K87XMYnUMqLcX3zvtAF4G,192120,4
1542,Antidote,Travis Scott,1wHZx0LgzFHyeIZkUydNXq,0.713,0.526,1,-5.046,1,0.032,0.00767,0.000148,0.124,0.131,131.05,audio_features,1wHZx0LgzFHyeIZkUydNXq,spotify:track:1wHZx0LgzFHyeIZkUydNXq,https://api.spotify.com/v1/tracks/1wHZx0LgzFHyeIZkUydNXq,https://api.spotify.com/v1/audio-analysis/1wHZx0LgzFHyeIZkUydNXq,262693,4
1546,Same Old Love,Selena Gomez,1BZG99C7Co1r6QUC3zaS59,0.672,0.593,11,-4.01,0,0.0304,0.0223,0.0,0.214,0.438,98.02,audio_features,1BZG99C7Co1r6QUC3zaS59,spotify:track:1BZG99C7Co1r6QUC3zaS59,https://api.spotify.com/v1/tracks/1BZG99C7Co1r6QUC3zaS59,https://api.spotify.com/v1/audio-analysis/1BZG99C7Co1r6QUC3zaS59,229080,4
1549,Watch Me (Whip / Nae Nae),Silentó,5RIVoVdkDLEygELLCniZFr,0.821,0.759,8,-8.541,1,0.121,0.247,0.0,0.321,0.962,140.01,audio_features,5RIVoVdkDLEygELLCniZFr,spotify:track:5RIVoVdkDLEygELLCniZFr,https://api.spotify.com/v1/tracks/5RIVoVdkDLEygELLCniZFr,https://api.spotify.com/v1/audio-analysis/5RIVoVdkDLEygELLCniZFr,185143,4
1550,Ayo,Chris Brown,0k6DnZMLoEUH8NGD5zh2SE,0.823,0.563,6,-5.095,1,0.0443,0.0399,0.0,0.0851,0.682,98.031,audio_features,0k6DnZMLoEUH8NGD5zh2SE,spotify:track:0k6DnZMLoEUH8NGD5zh2SE,https://api.spotify.com/v1/tracks/0k6DnZMLoEUH8NGD5zh2SE,https://api.spotify.com/v1/audio-analysis/0k6DnZMLoEUH8NGD5zh2SE,225227,4
1551,Spirits,The Strumbellas,7GJ572zvnU94VZVrj5XRtb,0.556,0.658,0,-6.075,1,0.0265,0.164,0.0,0.113,0.787,80.529,audio_features,7GJ572zvnU94VZVrj5XRtb,spotify:track:7GJ572zvnU94VZVrj5XRtb,https://api.spotify.com/v1/tracks/7GJ572zvnU94VZVrj5XRtb,https://api.spotify.com/v1/audio-analysis/7GJ572zvnU94VZVrj5XRtb,203653,4
1552,Trap Queen,Fetty Wap,2d8JP84HNLKhmd6IYOoupQ,0.746,0.873,7,-3.803,1,0.128,0.0244,0.0,0.354,0.817,148.075,audio_features,2d8JP84HNLKhmd6IYOoupQ,spotify:track:2d8JP84HNLKhmd6IYOoupQ,https://api.spotify.com/v1/tracks/2d8JP84HNLKhmd6IYOoupQ,https://api.spotify.com/v1/audio-analysis/2d8JP84HNLKhmd6IYOoupQ,222093,4
1554,7/11,Beyoncé,02M6vucOvmRfMxTXDUwRXu,0.747,0.705,9,-5.137,0,0.126,0.0128,0.0,0.126,0.56,136.024,audio_features,02M6vucOvmRfMxTXDUwRXu,spotify:track:02M6vucOvmRfMxTXDUwRXu,https://api.spotify.com/v1/tracks/02M6vucOvmRfMxTXDUwRXu,https://api.spotify.com/v1/audio-analysis/02M6vucOvmRfMxTXDUwRXu,213507,4
1555,High By The Beach,Lana Del Rey,7g3htkaLz4ETFn0cifwM3y,0.536,0.486,11,-11.067,0,0.0346,0.244,0.00788,0.12,0.0968,131.988,audio_features,7g3htkaLz4ETFn0cifwM3y,spotify:track:7g3htkaLz4ETFn0cifwM3y,https://api.spotify.com/v1/tracks/7g3htkaLz4ETFn0cifwM3y,https://api.spotify.com/v1/audio-analysis/7g3htkaLz4ETFn0cifwM3y,257573,4
1556,Never Forget You,Zara Larsson,6hmhG1b4LEyNuashVvuIAo,0.583,0.732,11,-5.728,0,0.0457,0.00312,9.86e-06,0.269,0.276,145.992,audio_features,6hmhG1b4LEyNuashVvuIAo,spotify:track:6hmhG1b4LEyNuashVvuIAo,https://api.spotify.com/v1/tracks/6hmhG1b4LEyNuashVvuIAo,https://api.spotify.com/v1/audio-analysis/6hmhG1b4LEyNuashVvuIAo,213428,4
1557,oui,Jeremih,0PJIbOdMs3bd5AT8liULMQ,0.418,0.724,5,-3.724,1,0.0964,0.213,0.0,0.112,0.604,78.521,audio_features,0PJIbOdMs3bd5AT8liULMQ,spotify:track:0PJIbOdMs3bd5AT8liULMQ,https://api.spotify.com/v1/tracks/0PJIbOdMs3bd5AT8liULMQ,https://api.spotify.com/v1/audio-analysis/0PJIbOdMs3bd5AT8liULMQ,238320,5
1558,Hotline Bling,Drake,0wwPcA6wtMf6HUMpIRdeP7,0.891,0.628,2,-7.863,1,0.0551,0.00258,0.00019,0.0504,0.552,134.966,audio_features,0wwPcA6wtMf6HUMpIRdeP7,spotify:track:0wwPcA6wtMf6HUMpIRdeP7,https://api.spotify.com/v1/tracks/0wwPcA6wtMf6HUMpIRdeP7,https://api.spotify.com/v1/audio-analysis/0wwPcA6wtMf6HUMpIRdeP7,267067,4
1559,Kill Em With Kindness,Selena Gomez,1QNoKVgA758HFLu3TW2q7R,0.757,0.884,10,-5.488,0,0.0404,0.00795,5.87e-05,0.0973,0.398,120.012,audio_features,1QNoKVgA758HFLu3TW2q7R,spotify:track:1QNoKVgA758HFLu3TW2q7R,https://api.spotify.com/v1/tracks/1QNoKVgA758HFLu3TW2q7R,https://api.spotify.com/v1/audio-analysis/1QNoKVgA758HFLu3TW2q7R,217907,4
1560,Let It All Go,Birdy,70K0ezmzYEZeqoSaZMyP7o,0.383,0.43,10,-8.644,1,0.0302,0.817,1.04e-06,0.0869,0.174,107.005,audio_features,70K0ezmzYEZeqoSaZMyP7o,spotify:track:70K0ezmzYEZeqoSaZMyP7o,https://api.spotify.com/v1/tracks/70K0ezmzYEZeqoSaZMyP7o,https://api.spotify.com/v1/audio-analysis/70K0ezmzYEZeqoSaZMyP7o,280757,4
1561,679 (feat. Remy Boyz),Fetty Wap,5NQbUaeTEOGdD6hHcre0dZ,0.618,0.717,7,-5.738,1,0.318,0.00256,0.0,0.625,0.603,190.05,audio_features,5NQbUaeTEOGdD6hHcre0dZ,spotify:track:5NQbUaeTEOGdD6hHcre0dZ,https://api.spotify.com/v1/tracks/5NQbUaeTEOGdD6hHcre0dZ,https://api.spotify.com/v1/audio-analysis/5NQbUaeTEOGdD6hHcre0dZ,196693,4
1564,You Don't Own Me (feat. G-Eazy),SAYGRACE,6KI1ZpZWYAJLvmVhCJz65G,0.332,0.635,7,-5.653,1,0.0898,0.159,2.79e-06,0.0599,0.261,186.249,audio_features,6KI1ZpZWYAJLvmVhCJz65G,spotify:track:6KI1ZpZWYAJLvmVhCJz65G,https://api.spotify.com/v1/tracks/6KI1ZpZWYAJLvmVhCJz65G,https://api.spotify.com/v1/audio-analysis/6KI1ZpZWYAJLvmVhCJz65G,201493,3
1565,Renegades,X Ambassadors,0fYVliAYKHuPmECRs1pbRf,0.526,0.862,2,-6.003,1,0.0905,0.0144,0.0597,0.229,0.528,90.052,audio_features,0fYVliAYKHuPmECRs1pbRf,spotify:track:0fYVliAYKHuPmECRs1pbRf,https://api.spotify.com/v1/tracks/0fYVliAYKHuPmECRs1pbRf,https://api.spotify.com/v1/audio-analysis/0fYVliAYKHuPmECRs1pbRf,195200,4
1566,Locked Away (feat. Adam Levine),R. City,7x5xYW5W42OGPAdHUyyguy,0.509,0.671,1,-5.709,1,0.0678,0.304,0.0,0.0452,0.55,118.413,audio_features,7x5xYW5W42OGPAdHUyyguy,spotify:track:7x5xYW5W42OGPAdHUyyguy,https://api.spotify.com/v1/tracks/7x5xYW5W42OGPAdHUyyguy,https://api.spotify.com/v1/audio-analysis/7x5xYW5W42OGPAdHUyyguy,227480,5
1567,Stole the Show,Kygo,5masKPHeAOVNgxdLebIcK7,0.64,0.635,8,-7.565,0,0.226,0.271,0.0,0.319,0.475,100.034,audio_features,5masKPHeAOVNgxdLebIcK7,spotify:track:5masKPHeAOVNgxdLebIcK7,https://api.spotify.com/v1/tracks/5masKPHeAOVNgxdLebIcK7,https://api.spotify.com/v1/audio-analysis/5masKPHeAOVNgxdLebIcK7,223187,4
1568,The Less I Know The Better,Tame Impala,6K4t31amVTZDgR3sKmwUJJ,0.64,0.74,4,-4.083,1,0.0284,0.0115,0.00678,0.167,0.785,116.879,audio_features,6K4t31amVTZDgR3sKmwUJJ,spotify:track:6K4t31amVTZDgR3sKmwUJJ,https://api.spotify.com/v1/tracks/6K4t31amVTZDgR3sKmwUJJ,https://api.spotify.com/v1/audio-analysis/6K4t31amVTZDgR3sKmwUJJ,216320,4
1569,Good For You,Selena Gomez,578Eooad7oUyn4stovZiPg,0.607,0.673,5,-6.484,0,0.0611,0.181,0.0,0.069,0.215,88.952,audio_features,578Eooad7oUyn4stovZiPg,spotify:track:578Eooad7oUyn4stovZiPg,https://api.spotify.com/v1/tracks/578Eooad7oUyn4stovZiPg,https://api.spotify.com/v1/audio-analysis/578Eooad7oUyn4stovZiPg,221280,4
1570,My Way (feat. Monty),Fetty Wap,1WoOzgvz6CgH4pX6a1RKGp,0.748,0.741,6,-3.103,1,0.0531,0.00419,0.0,0.147,0.537,128.077,audio_features,1WoOzgvz6CgH4pX6a1RKGp,spotify:track:1WoOzgvz6CgH4pX6a1RKGp,https://api.spotify.com/v1/tracks/1WoOzgvz6CgH4pX6a1RKGp,https://api.spotify.com/v1/audio-analysis/1WoOzgvz6CgH4pX6a1RKGp,213053,4
1571,Take Me To Church,Hozier,1CS7Sd1u5tWkstBhpssyjP,0.566,0.664,4,-5.303,0,0.0464,0.634,0.0,0.116,0.437,128.945,audio_features,1CS7Sd1u5tWkstBhpssyjP,spotify:track:1CS7Sd1u5tWkstBhpssyjP,https://api.spotify.com/v1/tracks/1CS7Sd1u5tWkstBhpssyjP,https://api.spotify.com/v1/audio-analysis/1CS7Sd1u5tWkstBhpssyjP,241693,4
1574,"Writing's On The Wall - From ""Spectre"" Soundtrack",Sam Smith,1PWnAEQcbwQwK759otUbta,0.261,0.302,5,-8.19,0,0.0339,0.769,2.57e-06,0.0863,0.0883,81.418,audio_features,1PWnAEQcbwQwK759otUbta,spotify:track:1PWnAEQcbwQwK759otUbta,https://api.spotify.com/v1/tracks/1PWnAEQcbwQwK759otUbta,https://api.spotify.com/v1/audio-analysis/1PWnAEQcbwQwK759otUbta,278987,3
1575,Bang My Head (feat. Sia & Fetty Wap),David Guetta,53Y0kdCa1CZ9gRqEuknfwy,0.599,0.869,0,-3.697,1,0.0789,0.0525,0.00719,0.103,0.593,108.061,audio_features,53Y0kdCa1CZ9gRqEuknfwy,spotify:track:53Y0kdCa1CZ9gRqEuknfwy,https://api.spotify.com/v1/tracks/53Y0kdCa1CZ9gRqEuknfwy,https://api.spotify.com/v1/audio-analysis/53Y0kdCa1CZ9gRqEuknfwy,193333,4
1576,All Eyes on You (feat. Chris Brown & Nicki Minaj),Meek Mill,0hy1SOTEn9ifXTzOwnCwEr,0.589,0.658,11,-5.288,0,0.203,0.0242,0.0,0.118,0.251,77.521,audio_features,0hy1SOTEn9ifXTzOwnCwEr,spotify:track:0hy1SOTEn9ifXTzOwnCwEr,https://api.spotify.com/v1/tracks/0hy1SOTEn9ifXTzOwnCwEr,https://api.spotify.com/v1/audio-analysis/0hy1SOTEn9ifXTzOwnCwEr,223973,4
1577,I Don't Fuck With You,Big Sean,7FYH5AW3bVfZHJIQpq3UOA,0.824,0.733,1,-5.474,1,0.0613,0.0362,0.0,0.325,0.395,97.972,audio_features,7FYH5AW3bVfZHJIQpq3UOA,spotify:track:7FYH5AW3bVfZHJIQpq3UOA,https://api.spotify.com/v1/tracks/7FYH5AW3bVfZHJIQpq3UOA,https://api.spotify.com/v1/audio-analysis/7FYH5AW3bVfZHJIQpq3UOA,284387,4
1578,Firestone,Kygo,1I8tHoNBFTuoJAlh4hfVVE,0.704,0.634,11,-7.374,0,0.0428,0.393,3.17e-05,0.0952,0.411,113.927,audio_features,1I8tHoNBFTuoJAlh4hfVVE,spotify:track:1I8tHoNBFTuoJAlh4hfVVE,https://api.spotify.com/v1/tracks/1I8tHoNBFTuoJAlh4hfVVE,https://api.spotify.com/v1/audio-analysis/1I8tHoNBFTuoJAlh4hfVVE,271640,4
1579,Jumpman,Drake,27GmP9AWRs744SzKcpJsTZ,0.852,0.553,1,-7.286,1,0.187,0.0559,0.0,0.332,0.656,142.079,audio_features,27GmP9AWRs744SzKcpJsTZ,spotify:track:27GmP9AWRs744SzKcpJsTZ,https://api.spotify.com/v1/tracks/27GmP9AWRs744SzKcpJsTZ,https://api.spotify.com/v1/audio-analysis/27GmP9AWRs744SzKcpJsTZ,205879,4
1580,Sunset Lover,Petit Biscuit,0hNduWmlWmEmuwEFcYvRu1,0.783,0.467,6,-9.474,1,0.0503,0.729,0.809,0.109,0.236,90.838,audio_features,0hNduWmlWmEmuwEFcYvRu1,spotify:track:0hNduWmlWmEmuwEFcYvRu1,https://api.spotify.com/v1/tracks/0hNduWmlWmEmuwEFcYvRu1,https://api.spotify.com/v1/audio-analysis/0hNduWmlWmEmuwEFcYvRu1,237793,4
1581,Stitches,Shawn Mendes,5jsw9uXEGuKyJzs0boZ1bT,0.752,0.754,1,-6.684,1,0.0615,0.0151,0.0,0.0486,0.755,149.789,audio_features,5jsw9uXEGuKyJzs0boZ1bT,spotify:track:5jsw9uXEGuKyJzs0boZ1bT,https://api.spotify.com/v1/tracks/5jsw9uXEGuKyJzs0boZ1bT,https://api.spotify.com/v1/audio-analysis/5jsw9uXEGuKyJzs0boZ1bT,206880,4
1582,"I Don't Like It, I Love It (feat. Robin Thicke & Verdine White)",Flo Rida,2S5LNtRVRPbXk01yRQ14sZ,0.854,0.766,9,-4.697,0,0.141,0.0242,0.0,0.0793,0.784,118.004,audio_features,2S5LNtRVRPbXk01yRQ14sZ,spotify:track:2S5LNtRVRPbXk01yRQ14sZ,https://api.spotify.com/v1/tracks/2S5LNtRVRPbXk01yRQ14sZ,https://api.spotify.com/v1/audio-analysis/2S5LNtRVRPbXk01yRQ14sZ,224258,4
1584,Where Are Ü Now (with Justin Bieber),Jack Ü,66hayvUbTotekKU3H4ta1f,0.432,0.781,4,-4.038,0,0.0567,0.041,4.21e-06,0.0789,0.197,139.432,audio_features,66hayvUbTotekKU3H4ta1f,spotify:track:66hayvUbTotekKU3H4ta1f,https://api.spotify.com/v1/tracks/66hayvUbTotekKU3H4ta1f,https://api.spotify.com/v1/audio-analysis/66hayvUbTotekKU3H4ta1f,250286,4
1587,"Flex (Ooh, Ooh, Ooh)",Rich Homie Quan,4T0ScSPdQKmGvruK7pavNP,0.726,0.607,2,-7.68,1,0.0498,0.0389,0.0,0.19,0.891,81.997,audio_features,4T0ScSPdQKmGvruK7pavNP,spotify:track:4T0ScSPdQKmGvruK7pavNP,https://api.spotify.com/v1/tracks/4T0ScSPdQKmGvruK7pavNP,https://api.spotify.com/v1/audio-analysis/4T0ScSPdQKmGvruK7pavNP,176744,4
1589,I Want You To Know,Zedd,1JDIArrcepzWDTAWXdGYmP,0.58,0.846,9,-2.876,0,0.0573,0.00537,6.62e-06,0.145,0.366,129.998,audio_features,1JDIArrcepzWDTAWXdGYmP,spotify:track:1JDIArrcepzWDTAWXdGYmP,https://api.spotify.com/v1/tracks/1JDIArrcepzWDTAWXdGYmP,https://api.spotify.com/v1/audio-analysis/1JDIArrcepzWDTAWXdGYmP,240000,4
1591,Electric Love,BØRNS,2GiJYvgVaD2HtM8GqD9EgQ,0.611,0.797,6,-7.627,0,0.0533,0.00543,0.00137,0.26,0.518,120.041,audio_features,2GiJYvgVaD2HtM8GqD9EgQ,spotify:track:2GiJYvgVaD2HtM8GqD9EgQ,https://api.spotify.com/v1/tracks/2GiJYvgVaD2HtM8GqD9EgQ,https://api.spotify.com/v1/audio-analysis/2GiJYvgVaD2HtM8GqD9EgQ,218107,4
1594,One Last Time,Ariana Grande,7xoUc6faLbCqZO6fQEYprd,0.628,0.593,8,-5.036,1,0.0323,0.093,1.65e-06,0.096,0.104,125.026,audio_features,7xoUc6faLbCqZO6fQEYprd,spotify:track:7xoUc6faLbCqZO6fQEYprd,https://api.spotify.com/v1/tracks/7xoUc6faLbCqZO6fQEYprd,https://api.spotify.com/v1/audio-analysis/7xoUc6faLbCqZO6fQEYprd,197267,4
1595,Black Magic,Little Mix,6rmXhRIemCTPyMYZRDN7Qg,0.776,0.875,4,-5.535,1,0.0575,0.0343,0.0,0.314,0.849,111.988,audio_features,6rmXhRIemCTPyMYZRDN7Qg,spotify:track:6rmXhRIemCTPyMYZRDN7Qg,https://api.spotify.com/v1/tracks/6rmXhRIemCTPyMYZRDN7Qg,https://api.spotify.com/v1/audio-analysis/6rmXhRIemCTPyMYZRDN7Qg,211786,4
1598,Lips Are Movin,Meghan Trainor,6gj08XDlv9Duc2fPOxUmVD,0.775,0.825,7,-5.402,1,0.0464,0.0506,1.03e-06,0.111,0.95,139.091,audio_features,6gj08XDlv9Duc2fPOxUmVD,spotify:track:6gj08XDlv9Duc2fPOxUmVD,https://api.spotify.com/v1/tracks/6gj08XDlv9Duc2fPOxUmVD,https://api.spotify.com/v1/audio-analysis/6gj08XDlv9Duc2fPOxUmVD,182667,4
1599,El Perdón - Forgiveness,Nicky Jam,7hOfyNuj2dLc0HAEYVDIYS,0.736,0.719,8,-3.839,1,0.0357,0.256,0.0,0.0909,0.656,90.013,audio_features,7hOfyNuj2dLc0HAEYVDIYS,spotify:track:7hOfyNuj2dLc0HAEYVDIYS,https://api.spotify.com/v1/tracks/7hOfyNuj2dLc0HAEYVDIYS,https://api.spotify.com/v1/audio-analysis/7hOfyNuj2dLc0HAEYVDIYS,206667,4
1600,Starboy,The Weeknd,7MXVkk9YMctZqd1Srtv4MB,0.679,0.587,7,-7.015,1,0.276,0.141,6.35e-06,0.137,0.486,186.003,audio_features,7MXVkk9YMctZqd1Srtv4MB,spotify:track:7MXVkk9YMctZqd1Srtv4MB,https://api.spotify.com/v1/tracks/7MXVkk9YMctZqd1Srtv4MB,https://api.spotify.com/v1/audio-analysis/7MXVkk9YMctZqd1Srtv4MB,230453,4
1601,One Dance,Drake,1zi7xx7UVEFkmKfv06H8x0,0.792,0.625,1,-5.609,1,0.0536,0.00776,0.0018,0.329,0.37,103.967,audio_features,1zi7xx7UVEFkmKfv06H8x0,spotify:track:1zi7xx7UVEFkmKfv06H8x0,https://api.spotify.com/v1/tracks/1zi7xx7UVEFkmKfv06H8x0,https://api.spotify.com/v1/audio-analysis/1zi7xx7UVEFkmKfv06H8x0,173987,4
1602,Love Yourself,Justin Bieber,50kpGaPAhYJ3sGmk6vplg0,0.609,0.378,4,-9.828,1,0.438,0.835,0.0,0.28,0.515,100.418,audio_features,50kpGaPAhYJ3sGmk6vplg0,spotify:track:50kpGaPAhYJ3sGmk6vplg0,https://api.spotify.com/v1/tracks/50kpGaPAhYJ3sGmk6vplg0,https://api.spotify.com/v1/audio-analysis/50kpGaPAhYJ3sGmk6vplg0,233720,4
1605,Panda,Desiigner,275a9yzwGB6ncAW4SxY7q3,0.685,0.731,10,-5.503,0,0.414,0.0292,0.0,0.369,0.266,145.245,audio_features,275a9yzwGB6ncAW4SxY7q3,spotify:track:275a9yzwGB6ncAW4SxY7q3,https://api.spotify.com/v1/tracks/275a9yzwGB6ncAW4SxY7q3,https://api.spotify.com/v1/audio-analysis/275a9yzwGB6ncAW4SxY7q3,247867,4
1606,Tuesday (feat. Danelle Sandoval),Burak Yeter,7EVk9tRb6beJLTHrg6AkY9,0.841,0.639,9,-6.052,0,0.0688,0.0156,0.0654,0.0545,0.675,99.002,audio_features,7EVk9tRb6beJLTHrg6AkY9,spotify:track:7EVk9tRb6beJLTHrg6AkY9,https://api.spotify.com/v1/tracks/7EVk9tRb6beJLTHrg6AkY9,https://api.spotify.com/v1/audio-analysis/7EVk9tRb6beJLTHrg6AkY9,241875,4
1607,Cheap Thrills (feat. Sean Paul),Sia,2ONIJ40u0Attbm3miIIpNO,0.592,0.788,6,-4.924,0,0.201,0.0599,2.54e-06,0.125,0.755,89.949,audio_features,2ONIJ40u0Attbm3miIIpNO,spotify:track:2ONIJ40u0Attbm3miIIpNO,https://api.spotify.com/v1/tracks/2ONIJ40u0Attbm3miIIpNO,https://api.spotify.com/v1/audio-analysis/2ONIJ40u0Attbm3miIIpNO,224493,4
1608,Wherever I Go,OneRepublic,7kftK4n15rl1wbpfjSq2Tk,0.54,0.675,10,-6.449,0,0.0429,0.1,0.0,0.237,0.348,99.97,audio_features,7kftK4n15rl1wbpfjSq2Tk,spotify:track:7kftK4n15rl1wbpfjSq2Tk,https://api.spotify.com/v1/tracks/7kftK4n15rl1wbpfjSq2Tk,https://api.spotify.com/v1/audio-analysis/7kftK4n15rl1wbpfjSq2Tk,169773,4
1610,Hymn for the Weekend,Coldplay,3RiPr603aXAoi4GHyXx0uy,0.491,0.693,0,-6.487,0,0.0377,0.211,6.92e-06,0.325,0.412,90.027,audio_features,3RiPr603aXAoi4GHyXx0uy,spotify:track:3RiPr603aXAoi4GHyXx0uy,https://api.spotify.com/v1/tracks/3RiPr603aXAoi4GHyXx0uy,https://api.spotify.com/v1/audio-analysis/3RiPr603aXAoi4GHyXx0uy,258267,4
1613,Wait a Minute!,WILLOW,0y60itmpH0aPKsFiGxmtnh,0.764,0.705,3,-5.279,0,0.0278,0.0371,1.94e-05,0.0943,0.672,101.003,audio_features,0y60itmpH0aPKsFiGxmtnh,spotify:track:0y60itmpH0aPKsFiGxmtnh,https://api.spotify.com/v1/tracks/0y60itmpH0aPKsFiGxmtnh,https://api.spotify.com/v1/audio-analysis/0y60itmpH0aPKsFiGxmtnh,196520,4
1614,Tiimmy Turner,Desiigner,3NJG6vMH1ZsectZkocMEm0,0.603,0.725,6,-3.054,1,0.0393,0.174,0.0,0.0786,0.304,122.803,audio_features,3NJG6vMH1ZsectZkocMEm0,spotify:track:3NJG6vMH1ZsectZkocMEm0,https://api.spotify.com/v1/tracks/3NJG6vMH1ZsectZkocMEm0,https://api.spotify.com/v1/audio-analysis/3NJG6vMH1ZsectZkocMEm0,239853,4
1615,"Me, Myself & I",G-Eazy,40YcuQysJ0KlGQTeGUosTC,0.756,0.674,0,-6.518,0,0.0959,0.0184,0.0,0.158,0.389,111.995,audio_features,40YcuQysJ0KlGQTeGUosTC,spotify:track:40YcuQysJ0KlGQTeGUosTC,https://api.spotify.com/v1/tracks/40YcuQysJ0KlGQTeGUosTC,https://api.spotify.com/v1/audio-analysis/40YcuQysJ0KlGQTeGUosTC,251467,4
1616,This One's for You (feat. Zara Larsson) (Official Song UEFA EURO 2016),David Guetta,46NBoIAHrmR7qcUGCIFEjR,0.367,0.915,9,-3.456,0,0.0488,0.0022,5.81e-05,0.0905,0.365,110.169,audio_features,46NBoIAHrmR7qcUGCIFEjR,spotify:track:46NBoIAHrmR7qcUGCIFEjR,https://api.spotify.com/v1/tracks/46NBoIAHrmR7qcUGCIFEjR,https://api.spotify.com/v1/audio-analysis/46NBoIAHrmR7qcUGCIFEjR,207273,4
1618,"Sucker for Pain (with Wiz Khalifa, Imagine Dragons, Logic & Ty Dolla $ign feat. X Ambassadors)",Lil Wayne,4dASQiO1Eoo3RJvt74FtXB,0.502,0.786,9,-4.378,0,0.317,0.255,0.0,0.65,0.739,169.021,audio_features,4dASQiO1Eoo3RJvt74FtXB,spotify:track:4dASQiO1Eoo3RJvt74FtXB,https://api.spotify.com/v1/tracks/4dASQiO1Eoo3RJvt74FtXB,https://api.spotify.com/v1/audio-analysis/4dASQiO1Eoo3RJvt74FtXB,243491,4
1619,Heathens,Twenty One Pilots,6i0V12jOa3mr6uu4WYhUBr,0.732,0.396,4,-9.348,0,0.0286,0.0841,3.58e-05,0.105,0.548,90.024,audio_features,6i0V12jOa3mr6uu4WYhUBr,spotify:track:6i0V12jOa3mr6uu4WYhUBr,https://api.spotify.com/v1/tracks/6i0V12jOa3mr6uu4WYhUBr,https://api.spotify.com/v1/audio-analysis/6i0V12jOa3mr6uu4WYhUBr,195920,4
1620,Low Life (feat. The Weeknd),Future,7EiZI6JVHllARrX9PUvAdX,0.722,0.331,8,-7.789,1,0.0726,0.337,0.282,0.146,0.102,143.961,audio_features,7EiZI6JVHllARrX9PUvAdX,spotify:track:7EiZI6JVHllARrX9PUvAdX,https://api.spotify.com/v1/tracks/7EiZI6JVHllARrX9PUvAdX,https://api.spotify.com/v1/audio-analysis/7EiZI6JVHllARrX9PUvAdX,313547,4
1623,Girls Like (feat. Zara Larsson),Tinie Tempah,0rHVd8h0cFwgLgPFem6S60,0.916,0.804,0,-3.406,1,0.049,0.37,1.18e-05,0.0812,0.538,120.028,audio_features,0rHVd8h0cFwgLgPFem6S60,spotify:track:0rHVd8h0cFwgLgPFem6S60,https://api.spotify.com/v1/tracks/0rHVd8h0cFwgLgPFem6S60,https://api.spotify.com/v1/audio-analysis/0rHVd8h0cFwgLgPFem6S60,196000,4
1624,Hear Me Now,Alok,39cmB3ZoTOLwOTq7tMNqKa,0.778,0.463,11,-7.603,1,0.0389,0.546,0.00289,0.0731,0.496,121.999,audio_features,39cmB3ZoTOLwOTq7tMNqKa,spotify:track:39cmB3ZoTOLwOTq7tMNqKa,https://api.spotify.com/v1/tracks/39cmB3ZoTOLwOTq7tMNqKa,https://api.spotify.com/v1/audio-analysis/39cmB3ZoTOLwOTq7tMNqKa,194840,4
1628,Hotter Than Hell,Dua Lipa,5eTNdkstwKaNahHf41fJ9u,0.532,0.868,3,-4.23,0,0.0908,0.011,0.0,0.0584,0.529,110.127,audio_features,5eTNdkstwKaNahHf41fJ9u,spotify:track:5eTNdkstwKaNahHf41fJ9u,https://api.spotify.com/v1/tracks/5eTNdkstwKaNahHf41fJ9u,https://api.spotify.com/v1/audio-analysis/5eTNdkstwKaNahHf41fJ9u,187958,4
1629,In the Name of Love,Martin Garrix,23L5CiUhw2jV1OIMwthR3S,0.501,0.519,4,-5.88,0,0.0409,0.109,0.0,0.454,0.168,133.99,audio_features,23L5CiUhw2jV1OIMwthR3S,spotify:track:23L5CiUhw2jV1OIMwthR3S,https://api.spotify.com/v1/tracks/23L5CiUhw2jV1OIMwthR3S,https://api.spotify.com/v1/audio-analysis/23L5CiUhw2jV1OIMwthR3S,195707,4
1631,Cool Girl,Tove Lo,3tJ4y2Zqx6gM9xOAuFfsSF,0.674,0.694,9,-7.076,0,0.109,0.313,7.17e-06,0.0752,0.203,101.993,audio_features,3tJ4y2Zqx6gM9xOAuFfsSF,spotify:track:3tJ4y2Zqx6gM9xOAuFfsSF,https://api.spotify.com/v1/tracks/3tJ4y2Zqx6gM9xOAuFfsSF,https://api.spotify.com/v1/audio-analysis/3tJ4y2Zqx6gM9xOAuFfsSF,199179,4
1633,This Is What You Came For (feat. Rihanna),Calvin Harris,0azC730Exh71aQlOt9Zj3y,0.631,0.927,9,-2.787,0,0.0332,0.199,0.119,0.148,0.465,123.962,audio_features,0azC730Exh71aQlOt9Zj3y,spotify:track:0azC730Exh71aQlOt9Zj3y,https://api.spotify.com/v1/tracks/0azC730Exh71aQlOt9Zj3y,https://api.spotify.com/v1/audio-analysis/0azC730Exh71aQlOt9Zj3y,222160,4
1634,I Took A Pill In Ibiza - Seeb Remix,Mike Posner,1MtUq6Wp1eQ8PC6BbPCj8P,0.664,0.714,7,-6.645,0,0.111,0.0353,8.42e-06,0.0843,0.71,101.969,audio_features,1MtUq6Wp1eQ8PC6BbPCj8P,spotify:track:1MtUq6Wp1eQ8PC6BbPCj8P,https://api.spotify.com/v1/tracks/1MtUq6Wp1eQ8PC6BbPCj8P,https://api.spotify.com/v1/audio-analysis/1MtUq6Wp1eQ8PC6BbPCj8P,197933,4
1635,2 Phones,Kevin Gates,0wdKiSBUT7aZkXUIdJWcwC,0.895,0.681,7,-5.267,0,0.358,0.157,0.0,0.189,0.554,121.918,audio_features,0wdKiSBUT7aZkXUIdJWcwC,spotify:track:0wdKiSBUT7aZkXUIdJWcwC,https://api.spotify.com/v1/tracks/0wdKiSBUT7aZkXUIdJWcwC,https://api.spotify.com/v1/audio-analysis/0wdKiSBUT7aZkXUIdJWcwC,240000,4
1636,Needed Me,Rihanna,4pAl7FkDMNBsjykPXo91B3,0.671,0.314,5,-8.091,0,0.244,0.11,0.0,0.0825,0.296,110.898,audio_features,4pAl7FkDMNBsjykPXo91B3,spotify:track:4pAl7FkDMNBsjykPXo91B3,https://api.spotify.com/v1/tracks/4pAl7FkDMNBsjykPXo91B3,https://api.spotify.com/v1/audio-analysis/4pAl7FkDMNBsjykPXo91B3,191600,4
1637,Side To Side,Ariana Grande,43bCmCI0nSgcT7QdMXY6LV,0.65,0.736,6,-5.84,0,0.229,0.0528,0.0,0.235,0.613,159.173,audio_features,43bCmCI0nSgcT7QdMXY6LV,spotify:track:43bCmCI0nSgcT7QdMXY6LV,https://api.spotify.com/v1/tracks/43bCmCI0nSgcT7QdMXY6LV,https://api.spotify.com/v1/audio-analysis/43bCmCI0nSgcT7QdMXY6LV,226160,4
1639,I Know What You Did Last Summer,Shawn Mendes,2GyA33q5rti5IxkMQemRDH,0.687,0.761,9,-4.582,0,0.0876,0.102,0.0,0.147,0.743,113.939,audio_features,2GyA33q5rti5IxkMQemRDH,spotify:track:2GyA33q5rti5IxkMQemRDH,https://api.spotify.com/v1/tracks/2GyA33q5rti5IxkMQemRDH,https://api.spotify.com/v1/audio-analysis/2GyA33q5rti5IxkMQemRDH,223853,4
1642,HandClap,Fitz and The Tantrums,4qRaZYiaOsSvWC7VgcxrI0,0.636,0.836,8,-3.004,1,0.0427,0.00609,0.000157,0.0828,0.715,139.956,audio_features,4qRaZYiaOsSvWC7VgcxrI0,spotify:track:4qRaZYiaOsSvWC7VgcxrI0,https://api.spotify.com/v1/tracks/4qRaZYiaOsSvWC7VgcxrI0,https://api.spotify.com/v1/audio-analysis/4qRaZYiaOsSvWC7VgcxrI0,193253,4
1645,Dangerous Woman,Ariana Grande,6RUhbFEhrvGISaQ8u2j2JN,0.664,0.602,4,-5.369,0,0.0412,0.0529,0.0,0.356,0.289,134.049,audio_features,6RUhbFEhrvGISaQ8u2j2JN,spotify:track:6RUhbFEhrvGISaQ8u2j2JN,https://api.spotify.com/v1/tracks/6RUhbFEhrvGISaQ8u2j2JN,https://api.spotify.com/v1/audio-analysis/6RUhbFEhrvGISaQ8u2j2JN,235947,3
